RoadSpeed,TirePressure,InclinationAngle,NormalForce,SlipAngle,ElapsedTime,LateralForce,Index,SourceFile
25,12,4,-259.64,6.135,756.183,-468.09,17957,LC0_FZ_250_IA-4_filtered
25,12,4,-259.37,5.25,756.403,-425.08,17979,LC0_FZ_250_IA-4_filtered
25,12,4,-258.4,7.495,755.843,-523.17,17923,LC0_FZ_250_IA-4_filtered
25,12,4,-258.04,3.876,756.753,-342.83,18014,LC0_FZ_250_IA-4_filtered
25,12,4,-257.82,6.607,756.063,-486.87,17945,LC0_FZ_250_IA-4_filtered
25,12,4,-257.56,-6.202,762.413,464.13,18580,LC0_FZ_250_IA-4_filtered
25,12,4,-257.38,-5.68,762.543,452.32,18593,LC0_FZ_250_IA-4_filtered
25,12,4,-257.24,3.83,756.763,-341.02,18015,LC0_FZ_250_IA-4_filtered
25,12,4,-257.23,7.906,755.733,-537.23,17912,LC0_FZ_250_IA-4_filtered
25,12,4,-257.13,6.044,756.203,-466.4,17959,LC0_FZ_250_IA-4_filtered
25,12,4,-257.1,6.974,755.973,-505.39,17936,LC0_FZ_250_IA-4_filtered
25,12,4,-257.04,-5.699,762.533,452.29,18592,LC0_FZ_250_IA-4_filtered
25,12,4,-256.99,-7.957,761.973,510.38,18536,LC0_FZ_250_IA-4_filtered
25,12,4,-256.93,7.973,755.723,-535.38,17911,LC0_FZ_250_IA-4_filtered
25,12,4,-256.63,-8.824,761.753,528.07,18514,LC0_FZ_250_IA-4_filtered
25,12,4,-256.19,4.683,756.543,-400.11,17993,LC0_FZ_250_IA-4_filtered
25,12,4,-256.19,-9.31,761.633,533.17,18502,LC0_FZ_250_IA-4_filtered
25,12,4,-256.15,-8.027,761.953,507.38,18534,LC0_FZ_250_IA-4_filtered
25,12,4,-255.88,-8.804,761.763,525.22,18515,LC0_FZ_250_IA-4_filtered
25,12,4,-255.53,-6.527,762.333,473.46,18572,LC0_FZ_250_IA-4_filtered
25,12,4,-255.47,-7.167,762.173,484.8,18556,LC0_FZ_250_IA-4_filtered
25,12,4,-255.03,-8.954,761.723,523.45,18511,LC0_FZ_250_IA-4_filtered
25,12,4,-254.56,1.975,757.223,-168.27,18061,LC0_FZ_250_IA-4_filtered
25,12,4,-254.06,-8.988,761.713,519.19,18510,LC0_FZ_250_IA-4_filtered
25,12,4,-253.7,-8.272,761.893,510.48,18528,LC0_FZ_250_IA-4_filtered
25,12,4,-253.62,-10.175,761.413,537.35,18480,LC0_FZ_250_IA-4_filtered
25,12,4,-253.58,-6.426,762.353,466.19,18574,LC0_FZ_250_IA-4_filtered
25,12,4,-253.49,-9.851,761.493,530.67,18488,LC0_FZ_250_IA-4_filtered
25,12,4,-253.49,-8.1,761.933,501.76,18532,LC0_FZ_250_IA-4_filtered
25,12,4,-253.16,-5.945,762.473,451.4,18586,LC0_FZ_250_IA-4_filtered
25,12,4,-253.08,-10.139,761.423,534.68,18481,LC0_FZ_250_IA-4_filtered
25,12,4,-253.04,-9.067,761.693,515.71,18508,LC0_FZ_250_IA-4_filtered
25,12,4,-252.96,2.016,751.974,-186.86,17536,LC0_FZ_250_IA-4_filtered
25,12,4,-252.66,-7.306,762.133,486.32,18552,LC0_FZ_250_IA-4_filtered
25,12,4,-252.64,-7.34,762.123,489.58,18551,LC0_FZ_250_IA-4_filtered
25,12,4,-252.6,-9.121,761.683,517.23,18507,LC0_FZ_250_IA-4_filtered
25,12,4,-252.6,-7.782,762.013,497.51,18540,LC0_FZ_250_IA-4_filtered
25,12,4,-252.48,-8.141,761.923,501.38,18531,LC0_FZ_250_IA-4_filtered
25,12,4,-252.46,-12.144,760.833,554.21,18422,LC0_FZ_250_IA-4_filtered
25,12,4,-252.44,-7.268,762.143,483.67,18553,LC0_FZ_250_IA-4_filtered
25,12,4,-252.34,11.518,754.823,-595.31,17821,LC0_FZ_250_IA-4_filtered
25,12,4,-252.22,1.953,757.233,-164.38,18062,LC0_FZ_250_IA-4_filtered
25,12,4,-252.07,-11.948,760.943,553.57,18433,LC0_FZ_250_IA-4_filtered
25,12,4,-252.04,9.637,755.303,-568.94,17869,LC0_FZ_250_IA-4_filtered
25,12,4,-252.02,-11.872,760.963,549.52,18435,LC0_FZ_250_IA-4_filtered
25,12,4,-251.96,-10.724,761.273,540.67,18466,LC0_FZ_250_IA-4_filtered
25,12,4,-251.82,-9.488,761.583,519.67,18497,LC0_FZ_250_IA-4_filtered
25,12,4,-251.81,-12.15,760.843,552.3,18423,LC0_FZ_250_IA-4_filtered
25,12,4,-251.76,6.868,755.993,-498.12,17938,LC0_FZ_250_IA-4_filtered
25,12,4,-251.68,-11.986,760.933,552.93,18432,LC0_FZ_250_IA-4_filtered
25,12,4,-251.67,-10.088,761.433,531.32,18482,LC0_FZ_250_IA-4_filtered
25,12,4,-251.65,6.732,756.033,-483.51,17942,LC0_FZ_250_IA-4_filtered
25,12,4,-251.4,-12.142,760.853,548.23,18424,LC0_FZ_250_IA-4_filtered
25,12,4,-251.38,-11.008,761.203,538.14,18459,LC0_FZ_250_IA-4_filtered
25,12,4,-251.23,10.076,755.193,-573.49,17858,LC0_FZ_250_IA-4_filtered
25,12,4,-251.15,5.052,756.453,-416.43,17984,LC0_FZ_250_IA-4_filtered
25,12,4,-250.97,-10.779,761.263,537.19,18465,LC0_FZ_250_IA-4_filtered
25,12,4,-250.87,9.395,755.363,-557.36,17875,LC0_FZ_250_IA-4_filtered
25,12,4,-250.82,-11.473,760.593,550.71,18398,LC0_FZ_250_IA-4_filtered
25,12,4,-250.82,-11.85,760.973,546.03,18436,LC0_FZ_250_IA-4_filtered
25,12,4,-250.81,8.25,755.653,-539.2,17904,LC0_FZ_250_IA-4_filtered
25,12,4,-250.64,0.738,757.533,-33.31,18092,LC0_FZ_250_IA-4_filtered
25,12,4,-250.39,-10.958,761.213,534.49,18460,LC0_FZ_250_IA-4_filtered
25,12,4,-250.37,-2.376,758.313,289.79,18170,LC0_FZ_250_IA-4_filtered
25,12,4,-250.37,-11.424,761.093,541.03,18448,LC0_FZ_250_IA-4_filtered
25,12,4,-250.2,1.719,757.293,-139.78,18068,LC0_FZ_250_IA-4_filtered
25,12,4,-250.17,7.203,755.913,-500.54,17930,LC0_FZ_250_IA-4_filtered
25,12,4,-250.17,-11.999,760.923,549.71,18431,LC0_FZ_250_IA-4_filtered
25,12,4,-250.14,-2.839,758.433,325.67,18182,LC0_FZ_250_IA-4_filtered
25,12,4,-250.03,9.592,755.313,-563,17870,LC0_FZ_250_IA-4_filtered
25,12,4,-250,10.031,755.203,-567.05,17859,LC0_FZ_250_IA-4_filtered
25,12,4,-249.91,12.16,754.613,-590.48,17800,LC0_FZ_250_IA-4_filtered
25,12,4,-249.89,-11.212,761.143,538.05,18453,LC0_FZ_250_IA-4_filtered
25,12,4,-249.88,-10.399,761.353,526.85,18474,LC0_FZ_250_IA-4_filtered
25,12,4,-249.86,-2.51,758.353,306.85,18174,LC0_FZ_250_IA-4_filtered
25,12,4,-249.74,8.691,755.543,-545.93,17893,LC0_FZ_250_IA-4_filtered
25,12,4,-249.7,-1.571,758.113,226.95,18150,LC0_FZ_250_IA-4_filtered
25,12,4,-249.64,4.989,756.463,-412.04,17985,LC0_FZ_250_IA-4_filtered
25,12,4,-249.62,6.338,756.133,-468.11,17952,LC0_FZ_250_IA-4_filtered
25,12,4,-249.59,11.114,754.253,-605.44,17764,LC0_FZ_250_IA-4_filtered
25,12,4,-249.59,6.371,756.123,-471.67,17951,LC0_FZ_250_IA-4_filtered
25,12,4,-249.53,-6.1,759.243,494.42,18263,LC0_FZ_250_IA-4_filtered
25,12,4,-249.5,10.927,754.973,-576.4,17836,LC0_FZ_250_IA-4_filtered
25,12,4,-249.49,-10.924,761.223,531.64,18461,LC0_FZ_250_IA-4_filtered
25,12,4,-249.39,-0.236,757.773,81.3,18116,LC0_FZ_250_IA-4_filtered
25,12,4,-249.28,-3.804,758.673,389.81,18206,LC0_FZ_250_IA-4_filtered
25,12,4,-249.26,-7.927,759.703,521.56,18309,LC0_FZ_250_IA-4_filtered
25,12,4,-249.2,-6.887,759.443,504.16,18283,LC0_FZ_250_IA-4_filtered
25,12,4,-249.17,-9.681,760.143,545.32,18353,LC0_FZ_250_IA-4_filtered
25,12,4,-249.16,-8.824,759.923,533.05,18331,LC0_FZ_250_IA-4_filtered
25,12,4,-249.14,-3.857,758.683,392.75,18207,LC0_FZ_250_IA-4_filtered
25,12,4,-249.07,-6.135,759.253,493.92,18264,LC0_FZ_250_IA-4_filtered
25,12,4,-249,-0.675,757.883,132.55,18127,LC0_FZ_250_IA-4_filtered
25,12,4,-248.97,-3.294,758.543,354.21,18193,LC0_FZ_250_IA-4_filtered
25,12,4,-248.96,-6.056,759.233,492.2,18262,LC0_FZ_250_IA-4_filtered
25,12,4,-248.96,-11.09,760.493,551.35,18388,LC0_FZ_250_IA-4_filtered
25,12,4,-248.95,-10.873,761.233,530.2,18462,LC0_FZ_250_IA-4_filtered
25,12,4,-248.89,10.352,755.123,-568.51,17851,LC0_FZ_250_IA-4_filtered
25,12,4,-248.87,10.472,755.093,-570.85,17848,LC0_FZ_250_IA-4_filtered
25,12,4,-248.86,-11.427,760.583,547.32,18397,LC0_FZ_250_IA-4_filtered
25,12,4,-248.82,-10.641,760.383,550.27,18377,LC0_FZ_250_IA-4_filtered
25,12,4,-248.77,3.174,756.923,-285.16,18031,LC0_FZ_250_IA-4_filtered
25,12,4,-248.74,-10.566,760.363,548.4,18375,LC0_FZ_250_IA-4_filtered
25,12,4,-248.6,-4.307,758.793,417.27,18218,LC0_FZ_250_IA-4_filtered
25,12,4,-248.51,7.236,755.903,-502.66,17929,LC0_FZ_250_IA-4_filtered
25,12,4,-248.48,7.735,755.783,-518.04,17917,LC0_FZ_250_IA-4_filtered
25,12,4,-248.39,-1.506,758.093,216.92,18148,LC0_FZ_250_IA-4_filtered
25,12,4,-248.34,-2.336,758.303,285.77,18169,LC0_FZ_250_IA-4_filtered
25,12,4,-248.34,-8.4,759.823,524.91,18321,LC0_FZ_250_IA-4_filtered
25,12,4,-248.21,-5.074,758.993,450.2,18238,LC0_FZ_250_IA-4_filtered
25,12,4,-248.18,-11.692,760.763,541.19,18415,LC0_FZ_250_IA-4_filtered
25,12,4,-248.03,-11.689,760.773,539.62,18416,LC0_FZ_250_IA-4_filtered
25,12,4,-248,10.196,754.023,-600.11,17741,LC0_FZ_250_IA-4_filtered
25,12,4,-247.95,-8.839,759.933,531.87,18332,LC0_FZ_250_IA-4_filtered
25,12,4,-247.94,-11.16,760.513,544.91,18390,LC0_FZ_250_IA-4_filtered
25,12,4,-247.68,-1.675,758.133,235.22,18152,LC0_FZ_250_IA-4_filtered
25,12,4,-247.67,-7.519,759.603,513.68,18299,LC0_FZ_250_IA-4_filtered
25,12,4,-247.65,-6.413,759.323,491.95,18271,LC0_FZ_250_IA-4_filtered
25,12,4,-247.62,-11.746,761.003,538.36,18439,LC0_FZ_250_IA-4_filtered
25,12,4,-247.57,-1.156,758.013,186.87,18140,LC0_FZ_250_IA-4_filtered
25,12,4,-247.53,-3.423,758.573,366.38,18196,LC0_FZ_250_IA-4_filtered
25,12,4,-247.47,-6.634,759.383,497.98,18277,LC0_FZ_250_IA-4_filtered
25,12,4,-247.46,-5.686,759.143,478.59,18253,LC0_FZ_250_IA-4_filtered
25,12,4,-246.97,9.725,753.904,-593.18,17729,LC0_FZ_250_IA-4_filtered
25,12,4,-246.96,-9.776,760.163,544.24,18355,LC0_FZ_250_IA-4_filtered
25,12,4,-246.93,2.247,757.153,-197.48,18054,LC0_FZ_250_IA-4_filtered
25,12,4,-246.91,10.73,754.154,-598.15,17754,LC0_FZ_250_IA-4_filtered
25,12,4,-246.88,10.124,754.003,-598,17739,LC0_FZ_250_IA-4_filtered
25,12,4,-246.87,10.241,754.034,-596.79,17742,LC0_FZ_250_IA-4_filtered
25,12,4,-246.69,-4.61,758.873,426.01,18226,LC0_FZ_250_IA-4_filtered
25,12,4,-246.66,-6.238,759.283,485.35,18267,LC0_FZ_250_IA-4_filtered
25,12,4,-246.56,-6.362,759.313,487.05,18270,LC0_FZ_250_IA-4_filtered
25,12,4,-246.55,-11.281,760.543,535.34,18393,LC0_FZ_250_IA-4_filtered
25,12,4,-246.54,-10.493,760.343,539.23,18373,LC0_FZ_250_IA-4_filtered
25,12,4,-246.46,-8.011,759.723,516.23,18311,LC0_FZ_250_IA-4_filtered
25,12,4,-246.35,-9.361,760.063,535.19,18345,LC0_FZ_250_IA-4_filtered
25,12,4,-246.29,-11.357,760.563,538.28,18395,LC0_FZ_250_IA-4_filtered
25,12,4,-246.2,-11.239,760.533,537.64,18392,LC0_FZ_250_IA-4_filtered
25,12,4,-246.08,12.062,754.663,-580.94,17805,LC0_FZ_250_IA-4_filtered
25,12,4,-246.06,-2.171,758.263,278,18165,LC0_FZ_250_IA-4_filtered
25,12,4,-245.99,-6.723,759.403,493.05,18279,LC0_FZ_250_IA-4_filtered
25,12,4,-245.89,-1.206,758.023,191.12,18141,LC0_FZ_250_IA-4_filtered
25,12,4,-245.84,8.338,753.554,-565.61,17694,LC0_FZ_250_IA-4_filtered
25,12,4,-245.79,-8.18,759.763,512.32,18315,LC0_FZ_250_IA-4_filtered
25,12,4,-245.76,7.868,753.443,-557.23,17683,LC0_FZ_250_IA-4_filtered
25,12,4,-245.65,10.525,754.104,-592.16,17749,LC0_FZ_250_IA-4_filtered
25,12,4,-245.64,-9.993,760.223,535.29,18361,LC0_FZ_250_IA-4_filtered
25,12,4,-245.57,8.765,753.664,-573.4,17705,LC0_FZ_250_IA-4_filtered
25,12,4,-245.56,-7.641,759.633,506.55,18302,LC0_FZ_250_IA-4_filtered
25,12,4,-245.53,9.645,753.883,-587.83,17727,LC0_FZ_250_IA-4_filtered
25,12,4,-245.52,7.848,753.434,-553.82,17682,LC0_FZ_250_IA-4_filtered
25,12,4,-245.47,0.514,757.583,-8.78,18097,LC0_FZ_250_IA-4_filtered
25,12,4,-245.46,10.766,754.164,-591.41,17755,LC0_FZ_250_IA-4_filtered
25,12,4,-245.27,11.25,754.284,-586.75,17767,LC0_FZ_250_IA-4_filtered
25,12,4,-244.96,-9.93,760.203,531.83,18359,LC0_FZ_250_IA-4_filtered
25,12,4,-244.93,-9.022,759.973,522.04,18336,LC0_FZ_250_IA-4_filtered
25,12,4,-244.92,-1.761,758.153,241.26,18154,LC0_FZ_250_IA-4_filtered
25,12,4,-244.91,-0.097,757.743,65.02,18113,LC0_FZ_250_IA-4_filtered
25,12,4,-244.83,-8.128,759.753,510.85,18314,LC0_FZ_250_IA-4_filtered
25,12,4,-244.79,-1.818,758.173,245.44,18156,LC0_FZ_250_IA-4_filtered
25,12,4,-244.71,-5.334,759.053,458.35,18244,LC0_FZ_250_IA-4_filtered
25,12,4,-244.68,-4.965,758.963,439.24,18235,LC0_FZ_250_IA-4_filtered
25,12,4,-244.59,8.728,753.654,-568.31,17704,LC0_FZ_250_IA-4_filtered
25,12,4,-244.59,-3.98,758.713,395.1,18210,LC0_FZ_250_IA-4_filtered
25,12,4,-243.97,9.355,753.813,-577.37,17720,LC0_FZ_250_IA-4_filtered
25,12,4,-243.85,9.607,753.873,-581.55,17726,LC0_FZ_250_IA-4_filtered
25,12,4,-243.62,9.162,753.763,-575.22,17715,LC0_FZ_250_IA-4_filtered
25,12,4,-243.1,7.523,753.354,-544.81,17674,LC0_FZ_250_IA-4_filtered
25,12,4,-242.95,6.441,753.083,-510.33,17647,LC0_FZ_250_IA-4_filtered
25,12,4,-242.77,0.489,757.593,-4.45,18098,LC0_FZ_250_IA-4_filtered
25,12,4,-242.01,10.439,754.083,-579.97,17747,LC0_FZ_250_IA-4_filtered
25,12,4,-241.61,10.394,754.073,-577.98,17746,LC0_FZ_250_IA-4_filtered
25,12,4,-241.5,5.199,752.773,-457,17616,LC0_FZ_250_IA-4_filtered
25,12,4,-241.48,7.782,753.414,-542.73,17680,LC0_FZ_250_IA-4_filtered
25,12,4,-241.06,5.686,752.893,-484.35,17628,LC0_FZ_250_IA-4_filtered
25,12,4,-240.57,6.852,753.184,-517.49,17657,LC0_FZ_250_IA-4_filtered
25,12,4,-240.4,9.949,753.964,-574.16,17735,LC0_FZ_250_IA-4_filtered
25,12,4,-240.15,3.807,752.424,-353.91,17581,LC0_FZ_250_IA-4_filtered
25,12,4,-240.09,4.764,752.664,-428.48,17605,LC0_FZ_250_IA-4_filtered
25,12,4,-239.92,2.257,752.034,-213,17542,LC0_FZ_250_IA-4_filtered
25,12,4,-239.09,8.029,753.484,-547.86,17687,LC0_FZ_250_IA-4_filtered
25,12,4,-238.17,8.552,753.614,-550.39,17700,LC0_FZ_250_IA-4_filtered
25,12,4,-238.07,7.641,753.383,-534.08,17677,LC0_FZ_250_IA-4_filtered
25,12,4,-236.75,6.251,753.034,-502.19,17642,LC0_FZ_250_IA-4_filtered
25,12,4,-236.41,4.106,752.504,-376.2,17589,LC0_FZ_250_IA-4_filtered
25,12,4,-235.66,6.287,753.044,-500.71,17643,LC0_FZ_250_IA-4_filtered
25,12,4,-232.88,5.404,752.824,-463.45,17621,LC0_FZ_250_IA-4_filtered
25,12,4,-232.79,3.102,752.244,-294.73,17563,LC0_FZ_250_IA-4_filtered
25,12,4,-231.08,3.951,752.464,-367.69,17585,LC0_FZ_250_IA-4_filtered
25,12,4,-229.45,3.616,752.374,-335.93,17576,LC0_FZ_250_IA-4_filtered
25,12,4,-205.65,-6.462,660.946,392.81,14827,LC0_FZ_200_IA-4_filtered
25,12,4,-204.79,-9.216,660.256,434.22,14758,LC0_FZ_200_IA-4_filtered
25,12,4,-204.78,-7.336,660.726,409.22,14805,LC0_FZ_200_IA-4_filtered
25,12,4,-204.59,-9.656,660.146,439.33,14747,LC0_FZ_200_IA-4_filtered
25,12,4,-204.49,-8.264,660.496,424.11,14782,LC0_FZ_200_IA-4_filtered
25,12,4,-204.49,-3.284,661.746,288.78,14907,LC0_FZ_200_IA-4_filtered
25,12,4,-204.47,-6.501,660.936,391.03,14826,LC0_FZ_200_IA-4_filtered
25,12,4,-204.46,6.099,654.796,-393.38,14212,LC0_FZ_200_IA-4_filtered
25,12,4,-204.43,-8.774,660.366,429.55,14769,LC0_FZ_200_IA-4_filtered
25,12,4,-204.3,-6.433,660.956,391.76,14828,LC0_FZ_200_IA-4_filtered
25,12,4,-204.27,-2.84,661.856,263.88,14918,LC0_FZ_200_IA-4_filtered
25,12,4,-204.2,-6.006,661.056,382.46,14838,LC0_FZ_200_IA-4_filtered
25,12,4,-204.15,2.468,655.706,-200.93,14303,LC0_FZ_200_IA-4_filtered
25,12,4,-204.15,-6.858,660.846,400,14817,LC0_FZ_200_IA-4_filtered
25,12,4,-203.81,-3.305,661.736,289.34,14906,LC0_FZ_200_IA-4_filtered
25,12,4,-203.71,-10.52,659.926,443.94,14725,LC0_FZ_200_IA-4_filtered
25,12,4,-203.62,-9.569,660.166,436.94,14749,LC0_FZ_200_IA-4_filtered
25,12,4,-203.58,-6.045,661.046,380.7,14837,LC0_FZ_200_IA-4_filtered
25,12,4,-203.51,-8.201,660.506,422.18,14783,LC0_FZ_200_IA-4_filtered
25,12,4,-203.48,4.726,655.136,-347.64,14246,LC0_FZ_200_IA-4_filtered
25,12,4,-203.44,-3.717,661.636,310.47,14896,LC0_FZ_200_IA-4_filtered
25,12,4,-203.42,-5.934,661.076,381.31,14840,LC0_FZ_200_IA-4_filtered
25,12,4,-203.42,-1.898,662.086,207.11,14941,LC0_FZ_200_IA-4_filtered
25,12,4,-203.39,7.915,654.336,-443.65,14166,LC0_FZ_200_IA-4_filtered
25,12,4,-203.29,-6.367,660.966,389.39,14829,LC0_FZ_200_IA-4_filtered
25,12,4,-203.27,6.959,654.576,-419.08,14190,LC0_FZ_200_IA-4_filtered
25,12,4,-203.27,-2.365,661.966,237.57,14929,LC0_FZ_200_IA-4_filtered
25,12,4,-203.19,-10.036,660.046,441.43,14737,LC0_FZ_200_IA-4_filtered
25,12,4,-203.15,-1.404,662.206,173.05,14953,LC0_FZ_200_IA-4_filtered
25,12,4,-203.08,4.745,655.126,-347.02,14245,LC0_FZ_200_IA-4_filtered
25,12,4,-202.99,2.543,655.686,-205.82,14301,LC0_FZ_200_IA-4_filtered
25,12,4,-202.77,-7.734,660.626,412.96,14795,LC0_FZ_200_IA-4_filtered
25,12,4,-202.74,1.974,655.826,-159.71,14315,LC0_FZ_200_IA-4_filtered
25,12,4,-202.61,-1.856,662.096,204.87,14942,LC0_FZ_200_IA-4_filtered
25,12,4,-202.54,-9.72,660.126,432.99,14745,LC0_FZ_200_IA-4_filtered
25,12,4,-202.46,-9.081,660.286,430.97,14761,LC0_FZ_200_IA-4_filtered
25,12,4,-202.32,-5.884,661.086,377.83,14841,LC0_FZ_200_IA-4_filtered
25,12,4,-202.23,-11.786,659.586,451.94,14691,LC0_FZ_200_IA-4_filtered
25,12,4,-202.21,-6.117,661.036,377.83,14836,LC0_FZ_200_IA-4_filtered
25,12,4,-202.2,-7.246,660.746,403.15,14807,LC0_FZ_200_IA-4_filtered
25,12,4,-202.19,-5.008,661.306,360.13,14863,LC0_FZ_200_IA-4_filtered
25,12,4,-202.16,-8.161,660.516,418.83,14784,LC0_FZ_200_IA-4_filtered
25,12,4,-202.11,7.409,654.466,-430.5,14179,LC0_FZ_200_IA-4_filtered
25,12,4,-202.05,-10.467,659.936,441.66,14726,LC0_FZ_200_IA-4_filtered
25,12,4,-201.89,-7.023,660.806,394.56,14813,LC0_FZ_200_IA-4_filtered
25,12,4,-201.88,-7.933,660.576,408.42,14790,LC0_FZ_200_IA-4_filtered
25,12,4,-201.87,2.03,655.806,-165.36,14313,LC0_FZ_200_IA-4_filtered
25,12,4,-201.86,-5.608,661.156,370.18,14848,LC0_FZ_200_IA-4_filtered
25,12,4,-201.81,1.579,655.926,-123.52,14325,LC0_FZ_200_IA-4_filtered
25,12,4,-201.81,-11.735,659.446,453.62,14677,LC0_FZ_200_IA-4_filtered
25,12,4,-201.77,8.325,654.236,-451.67,14156,LC0_FZ_200_IA-4_filtered
25,12,4,-201.7,-2.025,656.826,223.48,14415,LC0_FZ_200_IA-4_filtered
25,12,4,-201.65,3.907,655.346,-300.5,14267,LC0_FZ_200_IA-4_filtered
25,12,4,-201.64,-5.46,661.196,370.49,14852,LC0_FZ_200_IA-4_filtered
25,12,4,-201.63,4.793,655.116,-345.09,14244,LC0_FZ_200_IA-4_filtered
25,12,4,-201.53,-6.79,660.866,392.99,14819,LC0_FZ_200_IA-4_filtered
25,12,4,-201.49,-11.686,659.356,454.38,14668,LC0_FZ_200_IA-4_filtered
25,12,4,-201.48,1.529,655.936,-119.96,14326,LC0_FZ_200_IA-4_filtered
25,12,4,-201.45,-7.695,660.636,408.99,14796,LC0_FZ_200_IA-4_filtered
25,12,4,-201.4,-11.503,659.676,449.4,14700,LC0_FZ_200_IA-4_filtered
25,12,4,-201.39,-10.21,660.006,433.55,14733,LC0_FZ_200_IA-4_filtered
25,12,4,-201.38,4.21,655.266,-324.15,14259,LC0_FZ_200_IA-4_filtered
25,12,4,-201.37,9.234,654.006,-468.17,14133,LC0_FZ_200_IA-4_filtered
25,12,4,-201.26,7.994,654.316,-437.57,14164,LC0_FZ_200_IA-4_filtered
25,12,4,-201.15,7.838,654.356,-440.37,14168,LC0_FZ_200_IA-4_filtered
25,12,4,-201.11,1.946,655.836,-156.05,14316,LC0_FZ_200_IA-4_filtered
25,12,4,-201.05,-1.364,662.216,170.74,14954,LC0_FZ_200_IA-4_filtered
25,12,4,-200.96,-8.574,660.416,418.74,14774,LC0_FZ_200_IA-4_filtered
25,12,4,-200.87,-6.601,657.976,424.69,14530,LC0_FZ_200_IA-4_filtered
25,12,4,-200.85,-7.018,658.076,427.62,14540,LC0_FZ_200_IA-4_filtered
25,12,4,-200.85,-6.155,661.026,375.4,14835,LC0_FZ_200_IA-4_filtered
25,12,4,-200.8,-9.98,660.066,434.59,14739,LC0_FZ_200_IA-4_filtered
25,12,4,-200.78,-7.069,660.796,391.56,14812,LC0_FZ_200_IA-4_filtered
25,12,4,-200.76,-9.487,660.186,429.14,14751,LC0_FZ_200_IA-4_filtered
25,12,4,-200.73,-2.274,661.996,231.49,14932,LC0_FZ_200_IA-4_filtered
25,12,4,-200.72,-7.104,658.096,427.77,14542,LC0_FZ_200_IA-4_filtered
25,12,4,-200.7,-6.307,660.986,381.76,14831,LC0_FZ_200_IA-4_filtered
25,12,4,-200.67,-8.11,660.526,414.23,14785,LC0_FZ_200_IA-4_filtered
25,12,4,-200.65,-11.348,659.716,444.37,14704,LC0_FZ_200_IA-4_filtered
25,12,4,-200.63,2.831,655.616,-230.85,14294,LC0_FZ_200_IA-4_filtered
25,12,4,-200.58,-6.591,657.966,424.04,14529,LC0_FZ_200_IA-4_filtered
25,12,4,-200.53,-12.096,659.486,447.12,14681,LC0_FZ_200_IA-4_filtered
25,12,4,-200.5,-8.414,658.426,437.85,14575,LC0_FZ_200_IA-4_filtered
25,12,4,-200.46,10.624,653.656,-484.07,14098,LC0_FZ_200_IA-4_filtered
25,12,4,-200.42,-11.728,659.436,449.16,14676,LC0_FZ_200_IA-4_filtered
25,12,4,-200.34,-7.962,660.566,405.66,14789,LC0_FZ_200_IA-4_filtered
25,12,4,-200.31,3.746,655.386,-295.79,14271,LC0_FZ_200_IA-4_filtered
25,12,4,-200.29,-8.98,660.316,418.71,14764,LC0_FZ_200_IA-4_filtered
25,12,4,-200.19,2.082,655.796,-168.09,14312,LC0_FZ_200_IA-4_filtered
25,12,4,-200.16,-4.739,661.376,344.13,14870,LC0_FZ_200_IA-4_filtered
25,12,4,-200.09,11.535,653.416,-491.22,14074,LC0_FZ_200_IA-4_filtered
25,12,4,-200.05,-2.199,656.866,237.21,14419,LC0_FZ_200_IA-4_filtered
25,12,4,-200.04,-8.442,658.436,436.71,14576,LC0_FZ_200_IA-4_filtered
25,12,4,-200.02,4.646,655.156,-344.62,14248,LC0_FZ_200_IA-4_filtered
25,12,4,-200,3.248,655.506,-263.01,14283,LC0_FZ_200_IA-4_filtered
25,12,4,-199.97,-10.249,659.996,429.57,14732,LC0_FZ_200_IA-4_filtered
25,12,4,-199.95,1.051,656.056,-72.54,14338,LC0_FZ_200_IA-4_filtered
25,12,4,-199.93,-8.859,658.536,440.29,14586,LC0_FZ_200_IA-4_filtered
25,12,4,-199.9,11.495,653.426,-489.97,14075,LC0_FZ_200_IA-4_filtered
25,12,4,-199.9,-8.436,660.446,411.53,14777,LC0_FZ_200_IA-4_filtered
25,12,4,-199.88,7.351,654.476,-426.45,14180,LC0_FZ_200_IA-4_filtered
25,12,4,-199.84,-9.41,660.206,421.78,14753,LC0_FZ_200_IA-4_filtered
25,12,4,-199.8,9.337,653.976,-462.81,14130,LC0_FZ_200_IA-4_filtered
25,12,4,-199.73,-3.505,657.196,315.69,14452,LC0_FZ_200_IA-4_filtered
25,12,4,-199.7,11.931,653.306,-494.02,14063,LC0_FZ_200_IA-4_filtered
25,12,4,-199.69,-9.844,660.096,425.19,14742,LC0_FZ_200_IA-4_filtered
25,12,4,-199.67,-12.07,659.496,443.81,14682,LC0_FZ_200_IA-4_filtered
25,12,4,-199.66,11.703,653.076,-499.64,14040,LC0_FZ_200_IA-4_filtered
25,12,4,-199.64,-8.492,660.436,411.82,14776,LC0_FZ_200_IA-4_filtered
25,12,4,-199.52,-7.162,660.776,392.09,14810,LC0_FZ_200_IA-4_filtered
25,12,4,-199.51,-6.095,657.846,414.51,14517,LC0_FZ_200_IA-4_filtered
25,12,4,-199.5,-10.669,659.886,435.3,14721,LC0_FZ_200_IA-4_filtered
25,12,4,-199.44,-9.33,658.656,445.7,14598,LC0_FZ_200_IA-4_filtered
25,12,4,-199.41,2.568,655.676,-208.2,14300,LC0_FZ_200_IA-4_filtered
25,12,4,-199.41,-11.713,659.426,443.35,14675,LC0_FZ_200_IA-4_filtered
25,12,4,-199.37,-2.862,657.036,273.37,14436,LC0_FZ_200_IA-4_filtered
25,12,4,-199.34,2.401,650.666,-206.82,13799,LC0_FZ_200_IA-4_filtered
25,12,4,-199.3,-8.05,660.546,406.36,14787,LC0_FZ_200_IA-4_filtered
25,12,4,-199.29,-10.352,659.966,430.77,14729,LC0_FZ_200_IA-4_filtered
25,12,4,-199.29,-10.28,659.986,427.35,14731,LC0_FZ_200_IA-4_filtered
25,12,4,-199.28,-5.703,657.746,406.87,14507,LC0_FZ_200_IA-4_filtered
25,12,4,-199.25,-4.786,657.516,372.54,14484,LC0_FZ_200_IA-4_filtered
25,12,4,-199.21,-11.171,659.116,451.75,14644,LC0_FZ_200_IA-4_filtered
25,12,4,-199.19,-3.823,657.276,328.09,14460,LC0_FZ_200_IA-4_filtered
25,12,4,-199.17,-1.337,662.226,167.51,14955,LC0_FZ_200_IA-4_filtered
25,12,4,-199.15,8.04,654.306,-433.33,14163,LC0_FZ_200_IA-4_filtered
25,12,4,-199.13,-8.931,658.556,439,14588,LC0_FZ_200_IA-4_filtered
25,12,4,-199.08,-10.744,659.006,451.6,14633,LC0_FZ_200_IA-4_filtered
25,12,4,-199.07,-2.506,661.936,240.41,14926,LC0_FZ_200_IA-4_filtered
25,12,4,-199.03,6.893,654.596,-412.23,14192,LC0_FZ_200_IA-4_filtered
25,12,4,-199.03,-4.356,657.406,355.11,14473,LC0_FZ_200_IA-4_filtered
25,12,4,-199,-11.612,659.246,450.6,14657,LC0_FZ_200_IA-4_filtered
25,12,4,-198.88,11.469,653.436,-485.68,14076,LC0_FZ_200_IA-4_filtered
25,12,4,-198.84,11.954,653.296,-495.33,14062,LC0_FZ_200_IA-4_filtered
25,12,4,-198.82,-1.087,656.596,147.15,14392,LC0_FZ_200_IA-4_filtered
25,12,4,-198.79,2.337,655.736,-190.86,14306,LC0_FZ_200_IA-4_filtered
25,12,4,-198.69,-8.49,658.446,433.37,14577,LC0_FZ_200_IA-4_filtered
25,12,4,-198.62,7.597,654.416,-421.41,14174,LC0_FZ_200_IA-4_filtered
25,12,4,-198.62,-11.188,659.756,433.68,14708,LC0_FZ_200_IA-4_filtered
25,12,4,-198.6,-11.131,659.766,435.84,14709,LC0_FZ_200_IA-4_filtered
25,12,4,-198.54,-2.382,656.916,243.16,14424,LC0_FZ_200_IA-4_filtered
25,12,4,-198.44,-7.612,658.226,424.49,14555,LC0_FZ_200_IA-4_filtered
25,12,4,-198.42,10.558,653.676,-476.89,14100,LC0_FZ_200_IA-4_filtered
25,12,4,-198.4,-4.814,657.526,374.8,14485,LC0_FZ_200_IA-4_filtered
25,12,4,-198.37,12.003,653.286,-491.94,14061,LC0_FZ_200_IA-4_filtered
25,12,4,-198.35,0.699,656.146,-36.4,14347,LC0_FZ_200_IA-4_filtered
25,12,4,-198.34,-5.254,657.636,392.05,14496,LC0_FZ_200_IA-4_filtered
25,12,4,-198.34,-6.263,657.886,412.53,14521,LC0_FZ_200_IA-4_filtered
25,12,4,-198.31,-3.473,661.696,290.39,14902,LC0_FZ_200_IA-4_filtered
25,12,4,-198.27,-7.161,658.116,420.14,14544,LC0_FZ_200_IA-4_filtered
25,12,4,-198.24,10.299,653.736,-468.98,14106,LC0_FZ_200_IA-4_filtered
25,12,4,-198.17,-11.954,659.536,442.18,14686,LC0_FZ_200_IA-4_filtered
25,12,4,-198.06,4.41,655.216,-323.73,14254,LC0_FZ_200_IA-4_filtered
25,12,4,-198.04,1.45,655.956,-112.58,14328,LC0_FZ_200_IA-4_filtered
25,12,4,-198.04,-8.762,658.516,432.09,14584,LC0_FZ_200_IA-4_filtered
25,12,4,-198.03,-3.965,657.316,337.31,14464,LC0_FZ_200_IA-4_filtered
25,12,4,-198.03,-5.608,657.726,398.08,14505,LC0_FZ_200_IA-4_filtered
25,12,4,-198.01,-5.286,657.646,392.64,14497,LC0_FZ_200_IA-4_filtered
25,12,4,-198.01,-11.612,659.256,447.74,14658,LC0_FZ_200_IA-4_filtered
25,12,4,-197.8,-11.253,659.136,446.21,14646,LC0_FZ_200_IA-4_filtered
25,12,4,-197.75,-12.032,659.516,438.71,14684,LC0_FZ_200_IA-4_filtered
25,12,4,-197.73,-1.736,656.756,205.67,14408,LC0_FZ_200_IA-4_filtered
25,12,4,-197.71,-9.191,658.626,432.54,14595,LC0_FZ_200_IA-4_filtered
25,12,4,-197.69,7.316,654.486,-421.36,14181,LC0_FZ_200_IA-4_filtered
25,12,4,-197.63,-9.42,658.676,442.95,14600,LC0_FZ_200_IA-4_filtered
25,12,4,-197.6,-5.807,657.776,403.03,14510,LC0_FZ_200_IA-4_filtered
25,12,4,-197.6,-11.048,659.086,441.39,14641,LC0_FZ_200_IA-4_filtered
25,12,4,-197.57,-4.266,657.386,346.3,14471,LC0_FZ_200_IA-4_filtered
25,12,4,-197.54,11.494,652.946,-494.96,14027,LC0_FZ_200_IA-4_filtered
25,12,4,-197.48,-0.683,656.486,107.42,14381,LC0_FZ_200_IA-4_filtered
25,12,4,-197.48,-4.425,657.426,356.72,14475,LC0_FZ_200_IA-4_filtered
25,12,4,-197.47,11.617,653.396,-485.64,14072,LC0_FZ_200_IA-4_filtered
25,12,4,-197.42,-3.151,657.106,291.91,14443,LC0_FZ_200_IA-4_filtered
25,12,4,-197.38,-10.779,659.016,448.52,14634,LC0_FZ_200_IA-4_filtered
25,12,4,-197.28,11.737,653.166,-491.23,14049,LC0_FZ_200_IA-4_filtered
25,12,4,-197.27,9.854,653.846,-459.7,14117,LC0_FZ_200_IA-4_filtered
25,12,4,-197.25,-10.326,658.906,446.81,14623,LC0_FZ_200_IA-4_filtered
25,12,4,-197.18,-11.653,659.286,439.16,14661,LC0_FZ_200_IA-4_filtered
25,12,4,-197.07,-1.502,656.696,181.39,14402,LC0_FZ_200_IA-4_filtered
25,12,4,-197.07,-11.633,659.266,444.74,14659,LC0_FZ_200_IA-4_filtered
25,12,4,-197.04,-2.308,656.896,238.89,14422,LC0_FZ_200_IA-4_filtered
25,12,4,-196.97,10.787,653.616,-471.52,14094,LC0_FZ_200_IA-4_filtered
25,12,4,-196.97,-2.735,657.006,266.55,14433,LC0_FZ_200_IA-4_filtered
25,12,4,-196.95,-5.332,657.656,391.34,14498,LC0_FZ_200_IA-4_filtered
25,12,4,-196.92,-2.1,662.036,216.8,14936,LC0_FZ_200_IA-4_filtered
25,12,4,-196.88,-7.344,658.156,415.09,14548,LC0_FZ_200_IA-4_filtered
25,12,4,-196.77,11.126,652.846,-495.14,14017,LC0_FZ_200_IA-4_filtered
25,12,4,-196.76,-6.372,657.916,403.89,14524,LC0_FZ_200_IA-4_filtered
25,12,4,-196.76,-7.822,658.276,419.74,14560,LC0_FZ_200_IA-4_filtered
25,12,4,-196.74,-0.721,662.386,110.16,14971,LC0_FZ_200_IA-4_filtered
25,12,4,-196.7,9.43,653.956,-451.34,14128,LC0_FZ_200_IA-4_filtered
25,12,4,-196.7,-9.885,658.796,443.65,14612,LC0_FZ_200_IA-4_filtered
25,12,4,-196.68,10.62,652.726,-494.09,14005,LC0_FZ_200_IA-4_filtered
25,12,4,-196.68,-0.376,656.406,76.15,14373,LC0_FZ_200_IA-4_filtered
25,12,4,-196.68,-6.407,657.926,404.98,14525,LC0_FZ_200_IA-4_filtered
25,12,4,-196.64,-10.567,658.966,437.6,14629,LC0_FZ_200_IA-4_filtered
25,12,4,-196.61,3.524,655.436,-275.83,14276,LC0_FZ_200_IA-4_filtered
25,12,4,-196.6,-8.726,658.506,426.87,14583,LC0_FZ_200_IA-4_filtered
25,12,4,-196.58,5.913,654.836,-379.6,14216,LC0_FZ_200_IA-4_filtered
25,12,4,-196.47,-11.437,659.186,435.87,14651,LC0_FZ_200_IA-4_filtered
25,12,4,-196.42,8.091,654.296,-430.26,14162,LC0_FZ_200_IA-4_filtered
25,12,4,-196.37,10.671,652.736,-492.23,14006,LC0_FZ_200_IA-4_filtered
25,12,4,-196.21,10.593,652.716,-492.07,14004,LC0_FZ_200_IA-4_filtered
25,12,4,-196.19,-5.961,657.816,397.49,14514,LC0_FZ_200_IA-4_filtered
25,12,4,-196.07,6.276,654.746,-384.45,14207,LC0_FZ_200_IA-4_filtered
25,12,4,-196.01,2.274,655.746,-186.35,14307,LC0_FZ_200_IA-4_filtered
25,12,4,-195.97,-7.762,658.266,416.43,14559,LC0_FZ_200_IA-4_filtered
25,12,4,-195.92,-1.316,656.646,167.96,14397,LC0_FZ_200_IA-4_filtered
25,12,4,-195.9,-11.402,659.176,433.01,14650,LC0_FZ_200_IA-4_filtered
25,12,4,-195.88,-11.326,659.156,436.89,14648,LC0_FZ_200_IA-4_filtered
25,12,4,-195.85,-7.691,658.246,416.86,14557,LC0_FZ_200_IA-4_filtered
25,12,4,-195.79,-9.065,658.586,427.27,14591,LC0_FZ_200_IA-4_filtered
25,12,4,-195.77,10.171,652.616,-490.71,13994,LC0_FZ_200_IA-4_filtered
25,12,4,-195.77,1.869,655.856,-148.32,14318,LC0_FZ_200_IA-4_filtered
25,12,4,-195.77,0.523,656.186,-19.5,14351,LC0_FZ_200_IA-4_filtered
25,12,4,-195.72,-10.852,659.036,439.39,14636,LC0_FZ_200_IA-4_filtered
25,12,4,-195.69,10.353,653.726,-462.89,14105,LC0_FZ_200_IA-4_filtered
25,12,4,-195.66,7.648,654.406,-419.42,14173,LC0_FZ_200_IA-4_filtered
25,12,4,-195.66,0.111,656.296,27.28,14362,LC0_FZ_200_IA-4_filtered
25,12,4,-195.65,-9.612,658.726,430.21,14605,LC0_FZ_200_IA-4_filtered
25,12,4,-195.59,-3.675,657.236,313.71,14456,LC0_FZ_200_IA-4_filtered
25,12,4,-195.55,10.552,652.706,-487.31,14003,LC0_FZ_200_IA-4_filtered
25,12,4,-195.51,7.199,654.516,-409.19,14184,LC0_FZ_200_IA-4_filtered
25,12,4,-195.5,8.202,654.266,-436.05,14159,LC0_FZ_200_IA-4_filtered
25,12,4,-195.49,2.786,650.766,-235.97,13809,LC0_FZ_200_IA-4_filtered
25,12,4,-195.47,8.56,654.176,-435.91,14150,LC0_FZ_200_IA-4_filtered
25,12,4,-195.47,-1.196,662.266,151.58,14959,LC0_FZ_200_IA-4_filtered
25,12,4,-195.4,-10.975,659.066,432.53,14639,LC0_FZ_200_IA-4_filtered
25,12,4,-195.33,7.835,652.026,-454.39,13935,LC0_FZ_200_IA-4_filtered
25,12,4,-195.28,1.69,655.896,-133.56,14322,LC0_FZ_200_IA-4_filtered
25,12,4,-195.27,9.267,652.386,-478.65,13971,LC0_FZ_200_IA-4_filtered
25,12,4,-195.22,-5.077,657.596,374.14,14492,LC0_FZ_200_IA-4_filtered
25,12,4,-195.16,-9.944,658.806,439.04,14613,LC0_FZ_200_IA-4_filtered
25,12,4,-195.1,-1.474,656.686,177.54,14401,LC0_FZ_200_IA-4_filtered
25,12,4,-195.08,8.739,652.256,-470.25,13958,LC0_FZ_200_IA-4_filtered
25,12,4,-195.05,4.573,655.176,-335.28,14250,LC0_FZ_200_IA-4_filtered
25,12,4,-195.01,-5.485,657.696,384.52,14502,LC0_FZ_200_IA-4_filtered
25,12,4,-194.99,-10.916,659.056,432.04,14638,LC0_FZ_200_IA-4_filtered
25,12,4,-194.97,6.329,654.736,-386.38,14206,LC0_FZ_200_IA-4_filtered
25,12,4,-194.94,-0.432,656.416,80.39,14374,LC0_FZ_200_IA-4_filtered
25,12,4,-194.93,8.338,652.156,-463.59,13948,LC0_FZ_200_IA-4_filtered
25,12,4,-194.84,-4.946,657.556,372.09,14488,LC0_FZ_200_IA-4_filtered
25,12,4,-194.81,-9.556,658.716,429.08,14604,LC0_FZ_200_IA-4_filtered
25,12,4,-194.73,8.125,654.286,-428.95,14161,LC0_FZ_200_IA-4_filtered
25,12,4,-194.67,9.729,652.506,-483.63,13983,LC0_FZ_200_IA-4_filtered
25,12,4,-194.54,6.512,651.696,-434.74,13902,LC0_FZ_200_IA-4_filtered
25,12,4,-194.51,5.394,654.966,-359.54,14229,LC0_FZ_200_IA-4_filtered
25,12,4,-194.5,9.172,652.366,-475.72,13969,LC0_FZ_200_IA-4_filtered
25,12,4,-194.49,11.696,653.376,-472.48,14070,LC0_FZ_200_IA-4_filtered
25,12,4,-194.49,2.66,655.656,-214.42,14298,LC0_FZ_200_IA-4_filtered
25,12,4,-194.45,-4.612,657.476,353.89,14480,LC0_FZ_200_IA-4_filtered
25,12,4,-194.43,10.856,653.596,-463.31,14092,LC0_FZ_200_IA-4_filtered
25,12,4,-194.35,12.061,653.266,-477.56,14059,LC0_FZ_200_IA-4_filtered
25,12,4,-194.31,9.509,653.936,-448.55,14126,LC0_FZ_200_IA-4_filtered
25,12,4,-194.29,11.361,653.466,-467.34,14079,LC0_FZ_200_IA-4_filtered
25,12,4,-194.24,6.921,651.796,-440.49,13912,LC0_FZ_200_IA-4_filtered
25,12,4,-194.21,-0.85,656.536,127.9,14386,LC0_FZ_200_IA-4_filtered
25,12,4,-194.18,8.833,652.276,-470.17,13960,LC0_FZ_200_IA-4_filtered
25,12,4,-194.13,9.296,652.396,-475.75,13972,LC0_FZ_200_IA-4_filtered
25,12,4,-194.08,11.283,653.486,-467.38,14081,LC0_FZ_200_IA-4_filtered
25,12,4,-193.89,-1.345,656.656,170.61,14398,LC0_FZ_200_IA-4_filtered
25,12,4,-193.87,11.427,652.926,-482.28,14025,LC0_FZ_200_IA-4_filtered
25,12,4,-193.77,-0.603,656.466,98.34,14379,LC0_FZ_200_IA-4_filtered
25,12,4,-193.75,-5.007,657.576,369.68,14490,LC0_FZ_200_IA-4_filtered
25,12,4,-193.61,11.681,653.036,-478.71,14036,LC0_FZ_200_IA-4_filtered
25,12,4,-193.6,4.526,655.186,-330.72,14251,LC0_FZ_200_IA-4_filtered
25,12,4,-193.58,5.988,651.566,-417.84,13889,LC0_FZ_200_IA-4_filtered
25,12,4,-193.48,5.531,651.456,-403.11,13878,LC0_FZ_200_IA-4_filtered
25,12,4,-193.4,1.247,656.006,-92.52,14333,LC0_FZ_200_IA-4_filtered
25,12,4,-193.38,2.723,650.756,-233,13808,LC0_FZ_200_IA-4_filtered
25,12,4,-193.37,5.596,651.466,-406.23,13879,LC0_FZ_200_IA-4_filtered
25,12,4,-193.36,11.715,653.116,-469.57,14044,LC0_FZ_200_IA-4_filtered
25,12,4,-193.28,5.117,651.346,-383.23,13867,LC0_FZ_200_IA-4_filtered
25,12,4,-193.22,6.404,651.676,-428.74,13900,LC0_FZ_200_IA-4_filtered
25,12,4,-193.19,11.728,653.366,-467.41,14069,LC0_FZ_200_IA-4_filtered
25,12,4,-193.15,2.121,650.596,-183.45,13792,LC0_FZ_200_IA-4_filtered
25,12,4,-193.02,12.115,653.236,-467.24,14056,LC0_FZ_200_IA-4_filtered
25,12,4,-192.95,12.102,653.246,-466.33,14057,LC0_FZ_200_IA-4_filtered
25,12,4,-192.82,1.823,655.866,-144.6,14319,LC0_FZ_200_IA-4_filtered
25,12,4,-192.73,6.863,651.786,-434.84,13911,LC0_FZ_200_IA-4_filtered
25,12,4,-192.65,1.778,655.876,-140.42,14320,LC0_FZ_200_IA-4_filtered
25,12,4,-192.56,4.666,651.236,-361.52,13856,LC0_FZ_200_IA-4_filtered
25,12,4,-192.42,7.963,652.056,-453.65,13938,LC0_FZ_200_IA-4_filtered
25,12,4,-192.2,-0.967,656.566,134.93,14389,LC0_FZ_200_IA-4_filtered
25,12,4,-192.17,8.428,652.176,-457.07,13950,LC0_FZ_200_IA-4_filtered
25,12,4,-192.16,6.6,651.716,-430.83,13904,LC0_FZ_200_IA-4_filtered
25,12,4,-191.62,11.637,653.006,-468.13,14033,LC0_FZ_200_IA-4_filtered
25,12,4,-191.49,4.165,651.116,-330.82,13844,LC0_FZ_200_IA-4_filtered
25,12,4,-191.49,7.748,652.006,-442.04,13933,LC0_FZ_200_IA-4_filtered
25,12,4,-191.2,1.278,655.996,-96.24,14332,LC0_FZ_200_IA-4_filtered
25,12,4,-191.11,7.065,651.836,-436.66,13916,LC0_FZ_200_IA-4_filtered
25,12,4,-191.09,5.68,651.486,-408.08,13881,LC0_FZ_200_IA-4_filtered
25,12,4,-191.07,7.999,652.066,-448.93,13939,LC0_FZ_200_IA-4_filtered
25,12,4,-190.9,1.325,655.986,-100.13,14331,LC0_FZ_200_IA-4_filtered
25,12,4,-190.7,-0.494,656.436,87.88,14376,LC0_FZ_200_IA-4_filtered
25,12,4,-190.57,7.28,651.886,-431.68,13921,LC0_FZ_200_IA-4_filtered
25,12,4,-190.45,3.714,650.996,-297.16,13832,LC0_FZ_200_IA-4_filtered
25,12,4,-190.45,10.83,652.776,-467.89,14010,LC0_FZ_200_IA-4_filtered
25,12,4,-190.27,8.176,652.116,-446.62,13944,LC0_FZ_200_IA-4_filtered
25,12,4,-190.25,9.859,652.536,-467.94,13986,LC0_FZ_200_IA-4_filtered
25,12,4,-190.24,9.536,652.456,-465.72,13978,LC0_FZ_200_IA-4_filtered
25,12,4,-190.11,6.636,651.726,-427.08,13905,LC0_FZ_200_IA-4_filtered
25,12,4,-189.89,0.417,656.216,-7.44,14354,LC0_FZ_200_IA-4_filtered
25,12,4,-189.77,9.994,652.566,-466.69,13989,LC0_FZ_200_IA-4_filtered
25,12,4,-189.74,0.384,656.226,-3.87,14355,LC0_FZ_200_IA-4_filtered
25,12,4,-189.41,5.468,651.436,-393.26,13876,LC0_FZ_200_IA-4_filtered
25,12,4,-189.1,2.992,650.816,-254.85,13814,LC0_FZ_200_IA-4_filtered
25,12,4,-188.97,5.926,651.546,-407.57,13887,LC0_FZ_200_IA-4_filtered
25,12,4,-188.9,9.948,652.556,-463.34,13988,LC0_FZ_200_IA-4_filtered
25,12,4,-188.45,2.571,650.716,-223.39,13804,LC0_FZ_200_IA-4_filtered
25,12,4,-188.37,8.036,652.076,-443.35,13940,LC0_FZ_200_IA-4_filtered
25,12,4,-188.33,6.19,651.616,-415.87,13894,LC0_FZ_200_IA-4_filtered
25,12,4,-188.25,9.472,652.436,-458.43,13976,LC0_FZ_200_IA-4_filtered
25,12,4,-188.2,6.79,651.766,-422.53,13909,LC0_FZ_200_IA-4_filtered
25,12,4,-188.03,4.315,651.146,-341.78,13847,LC0_FZ_200_IA-4_filtered
25,12,4,-187.9,8.985,652.316,-452.06,13964,LC0_FZ_200_IA-4_filtered
25,12,4,-187.33,3.674,650.986,-293.64,13831,LC0_FZ_200_IA-4_filtered
25,12,4,-187.3,4.795,651.266,-369.04,13859,LC0_FZ_200_IA-4_filtered
25,12,4,-187.09,2.618,650.726,-225.63,13805,LC0_FZ_200_IA-4_filtered
25,12,4,-187.02,5.285,651.386,-389.37,13871,LC0_FZ_200_IA-4_filtered
25,12,4,-186.84,7.164,651.856,-426.49,13918,LC0_FZ_200_IA-4_filtered
25,12,4,-186.47,5.857,651.536,-403.54,13886,LC0_FZ_200_IA-4_filtered
25,12,4,-186.2,3.162,650.856,-262.19,13818,LC0_FZ_200_IA-4_filtered
25,12,4,-186.04,3.024,650.826,-257.1,13815,LC0_FZ_200_IA-4_filtered
25,12,4,-185.34,4.349,651.156,-342.88,13848,LC0_FZ_200_IA-4_filtered
25,12,4,-184.83,5.795,651.516,-401.94,13884,LC0_FZ_200_IA-4_filtered
25,12,4,-184.53,5.313,651.396,-387.83,13872,LC0_FZ_200_IA-4_filtered
25,12,4,-180.38,3.959,651.066,-314.12,13839,LC0_FZ_200_IA-4_filtered
25,12,4,-159.13,-2.784,690.815,227.53,15684,LC0_FZ_150_IA-4_filtered
25,12,4,-158.11,-2.822,690.825,228.85,15685,LC0_FZ_150_IA-4_filtered
25,12,4,-157.95,-3.246,690.925,247.02,15695,LC0_FZ_150_IA-4_filtered
25,12,4,-157.63,-3.206,690.915,244.22,15694,LC0_FZ_150_IA-4_filtered
25,12,4,-157.24,-2.238,690.675,192.9,15670,LC0_FZ_150_IA-4_filtered
25,12,4,-157.19,-10.25,693.785,351.56,15981,LC0_FZ_150_IA-4_filtered
25,12,4,-157.18,-3.146,690.905,239.83,15693,LC0_FZ_150_IA-4_filtered
25,12,4,-157.04,-7.008,694.595,320.75,16062,LC0_FZ_150_IA-4_filtered
25,12,4,-157.03,-9.359,694.005,341.45,16003,LC0_FZ_150_IA-4_filtered
25,12,4,-157,-8.384,694.255,336.45,16028,LC0_FZ_150_IA-4_filtered
25,12,4,-156.98,-7.445,694.485,326.68,16051,LC0_FZ_150_IA-4_filtered
25,12,4,-156.93,-10.674,693.675,354.95,15970,LC0_FZ_150_IA-4_filtered
25,12,4,-156.75,-10.718,693.665,353.21,15969,LC0_FZ_150_IA-4_filtered
25,12,4,-156.39,-8.339,694.265,334.22,16029,LC0_FZ_150_IA-4_filtered
25,12,4,-156.17,-2.868,690.835,228.25,15686,LC0_FZ_150_IA-4_filtered
25,12,4,-156.14,-7.529,694.465,323.98,16049,LC0_FZ_150_IA-4_filtered
25,12,4,-155.98,-11.06,693.575,353.81,15960,LC0_FZ_150_IA-4_filtered
25,12,4,-155.73,-11.72,693.215,359.23,15924,LC0_FZ_150_IA-4_filtered
25,12,4,-155.47,-11.718,693.205,359.68,15923,LC0_FZ_150_IA-4_filtered
25,12,4,-155.33,-8.002,694.345,326.25,16037,LC0_FZ_150_IA-4_filtered
25,12,4,-155.25,-10.123,693.815,344.9,15984,LC0_FZ_150_IA-4_filtered
25,12,4,-155.15,-3.301,690.945,247.93,15697,LC0_FZ_150_IA-4_filtered
25,12,4,-154.93,-11.995,693.315,358.07,15934,LC0_FZ_150_IA-4_filtered
25,12,4,-154.72,1.814,689.665,-129.1,15569,LC0_FZ_150_IA-4_filtered
25,12,4,-154.66,-11.729,693.195,357.45,15922,LC0_FZ_150_IA-4_filtered
25,12,4,-154.56,-11.494,693.465,352.61,15949,LC0_FZ_150_IA-4_filtered
25,12,4,-154.54,-4.496,691.245,288.48,15727,LC0_FZ_150_IA-4_filtered
25,12,4,-154.52,-4.574,691.265,296.55,15729,LC0_FZ_150_IA-4_filtered
25,12,4,-154.51,-4.712,695.175,279.29,16120,LC0_FZ_150_IA-4_filtered
25,12,4,-154.48,-3.086,690.885,229.87,15691,LC0_FZ_150_IA-4_filtered
25,12,4,-154.48,-6.814,691.825,341.14,15785,LC0_FZ_150_IA-4_filtered
25,12,4,-154.46,8.193,688.065,-351.6,15409,LC0_FZ_150_IA-4_filtered
25,12,4,-154.42,7.707,688.185,-343.7,15421,LC0_FZ_150_IA-4_filtered
25,12,4,-154.37,-7.379,694.505,321.21,16053,LC0_FZ_150_IA-4_filtered
25,12,4,-154.16,9.588,687.715,-369.32,15374,LC0_FZ_150_IA-4_filtered
25,12,4,-154.16,2.664,689.455,-186.63,15548,LC0_FZ_150_IA-4_filtered
25,12,4,-154.07,-5.554,694.965,294.03,16099,LC0_FZ_150_IA-4_filtered
25,12,4,-154.04,-9.631,693.935,339.21,15996,LC0_FZ_150_IA-4_filtered
25,12,4,-153.95,5.964,688.625,-308.3,15465,LC0_FZ_150_IA-4_filtered
25,12,4,-153.91,-2.585,690.765,206.05,15679,LC0_FZ_150_IA-4_filtered
25,12,4,-153.91,-4.614,691.275,298.08,15730,LC0_FZ_150_IA-4_filtered
25,12,4,-153.89,-5.977,691.615,331.47,15764,LC0_FZ_150_IA-4_filtered
25,12,4,-153.84,-3.87,695.385,249.87,16141,LC0_FZ_150_IA-4_filtered
25,12,4,-153.79,-10.019,692.625,354.14,15865,LC0_FZ_150_IA-4_filtered
25,12,4,-153.74,-4.182,691.165,282.51,15719,LC0_FZ_150_IA-4_filtered
25,12,4,-153.67,7.346,688.275,-330.84,15430,LC0_FZ_150_IA-4_filtered
25,12,4,-153.67,-7.742,692.055,345.44,15808,LC0_FZ_150_IA-4_filtered
25,12,4,-153.67,-2.47,695.735,191.41,16176,LC0_FZ_150_IA-4_filtered
25,12,4,-153.6,-11.84,693.355,351.47,15938,LC0_FZ_150_IA-4_filtered
25,12,4,-153.54,-8.222,692.175,345.27,15820,LC0_FZ_150_IA-4_filtered
25,12,4,-153.51,-8.712,692.295,344.47,15832,LC0_FZ_150_IA-4_filtered
25,12,4,-153.49,3.577,689.225,-237.63,15525,LC0_FZ_150_IA-4_filtered
25,12,4,-153.49,-5.106,695.075,286.49,16110,LC0_FZ_150_IA-4_filtered
25,12,4,-153.47,1.375,689.775,-96.84,15580,LC0_FZ_150_IA-4_filtered
25,12,4,-153.47,-5.42,691.475,318.87,15750,LC0_FZ_150_IA-4_filtered
25,12,4,-153.46,-11.682,693.125,349.27,15915,LC0_FZ_150_IA-4_filtered
25,12,4,-153.45,-5.065,691.385,312.48,15741,LC0_FZ_150_IA-4_filtered
25,12,4,-153.42,5.843,688.655,-308.15,15468,LC0_FZ_150_IA-4_filtered
25,12,4,-153.42,-11.455,693.475,347.88,15950,LC0_FZ_150_IA-4_filtered
25,12,4,-153.33,-3.75,691.055,265.23,15708,LC0_FZ_150_IA-4_filtered
25,12,4,-153.21,-5.542,691.505,323.03,15753,LC0_FZ_150_IA-4_filtered
25,12,4,-153.21,-2.498,695.725,191.25,16175,LC0_FZ_150_IA-4_filtered
25,12,4,-153.18,-8.187,692.165,345.4,15819,LC0_FZ_150_IA-4_filtered
25,12,4,-153.01,10.446,687.495,-377.79,15352,LC0_FZ_150_IA-4_filtered
25,12,4,-153,-11.512,693.005,350.35,15903,LC0_FZ_150_IA-4_filtered
25,12,4,-152.98,-6.782,691.815,338.41,15784,LC0_FZ_150_IA-4_filtered
25,12,4,-152.91,-4.341,695.265,265.34,16129,LC0_FZ_150_IA-4_filtered
25,12,4,-152.88,-5.856,691.585,326.6,15761,LC0_FZ_150_IA-4_filtered
25,12,4,-152.74,-1.985,695.855,167.29,16188,LC0_FZ_150_IA-4_filtered
25,12,4,-152.48,-11.277,693.525,342.85,15955,LC0_FZ_150_IA-4_filtered
25,12,4,-152.47,9.488,687.735,-366.67,15376,LC0_FZ_150_IA-4_filtered
25,12,4,-152.45,-4.461,691.235,282.89,15726,LC0_FZ_150_IA-4_filtered
25,12,4,-152.45,-3.741,695.415,246.52,16144,LC0_FZ_150_IA-4_filtered
25,12,4,-152.36,-8.753,692.305,341.45,15833,LC0_FZ_150_IA-4_filtered
25,12,4,-152.35,-8.618,692.275,344.71,15830,LC0_FZ_150_IA-4_filtered
25,12,4,-152.3,-6.937,691.855,332.59,15788,LC0_FZ_150_IA-4_filtered
25,12,4,-152.29,-1.529,695.965,140.97,16199,LC0_FZ_150_IA-4_filtered
25,12,4,-152.14,9.206,687.815,-357.16,15384,LC0_FZ_150_IA-4_filtered
25,12,4,-152.12,7.837,688.155,-335.12,15418,LC0_FZ_150_IA-4_filtered
25,12,4,-152.06,6.912,688.385,-320.98,15441,LC0_FZ_150_IA-4_filtered
25,12,4,-152.05,-11.819,693.365,346.39,15939,LC0_FZ_150_IA-4_filtered
25,12,4,-152.04,-10.949,693.605,339.56,15963,LC0_FZ_150_IA-4_filtered
25,12,4,-152.02,8.111,688.085,-347.1,15411,LC0_FZ_150_IA-4_filtered
25,12,4,-152.01,-6.261,694.785,297.76,16081,LC0_FZ_150_IA-4_filtered
25,12,4,-151.94,-6.483,691.745,329.46,15777,LC0_FZ_150_IA-4_filtered
25,12,4,-151.87,-0.643,696.195,77.38,16222,LC0_FZ_150_IA-4_filtered
25,12,4,-151.84,-9.57,693.955,329.91,15998,LC0_FZ_150_IA-4_filtered
25,12,4,-151.77,-4.399,695.255,262.97,16128,LC0_FZ_150_IA-4_filtered
25,12,4,-151.76,0.877,689.895,-57.97,15592,LC0_FZ_150_IA-4_filtered
25,12,4,-151.73,-11.072,692.885,351.35,15891,LC0_FZ_150_IA-4_filtered
25,12,4,-151.7,-5.49,694.975,289.82,16100,LC0_FZ_150_IA-4_filtered
25,12,4,-151.67,9.662,687.695,-360.93,15372,LC0_FZ_150_IA-4_filtered
25,12,4,-151.57,1.4,689.765,-99.46,15579,LC0_FZ_150_IA-4_filtered
25,12,4,-151.57,-8.649,694.185,323.98,16021,LC0_FZ_150_IA-4_filtered
25,12,4,-151.56,4.439,689.005,-272.87,15503,LC0_FZ_150_IA-4_filtered
25,12,4,-151.51,-9.215,692.425,342.64,15845,LC0_FZ_150_IA-4_filtered
25,12,4,-151.42,-9.073,694.075,325.38,16010,LC0_FZ_150_IA-4_filtered
25,12,4,-151.41,-8.19,694.305,318.07,16033,LC0_FZ_150_IA-4_filtered
25,12,4,-151.41,-1.499,695.975,139.54,16200,LC0_FZ_150_IA-4_filtered
25,12,4,-151.4,-11.569,693.025,339.65,15905,LC0_FZ_150_IA-4_filtered
25,12,4,-151.37,-12.093,693.255,343.55,15928,LC0_FZ_150_IA-4_filtered
25,12,4,-151.37,-10.43,693.735,332.2,15976,LC0_FZ_150_IA-4_filtered
25,12,4,-151.23,-3.421,690.975,243.33,15700,LC0_FZ_150_IA-4_filtered
25,12,4,-151.2,11.316,687.275,-377.58,15330,LC0_FZ_150_IA-4_filtered
25,12,4,-151.2,-11.698,693.405,344.01,15943,LC0_FZ_150_IA-4_filtered
25,12,4,-151.08,8.546,687.975,-351.06,15400,LC0_FZ_150_IA-4_filtered
25,12,4,-151.08,-10.862,692.835,346.03,15886,LC0_FZ_150_IA-4_filtered
25,12,4,-151.07,11.813,687.135,-384.73,15316,LC0_FZ_150_IA-4_filtered
25,12,4,-151.06,-1.17,696.065,113.87,16209,LC0_FZ_150_IA-4_filtered
25,12,4,-151.01,-6.978,691.865,327.67,15789,LC0_FZ_150_IA-4_filtered
25,12,4,-151,-0.583,696.205,74.68,16223,LC0_FZ_150_IA-4_filtered
25,12,4,-150.87,-5.341,695.015,282.94,16104,LC0_FZ_150_IA-4_filtered
25,12,4,-150.76,-11.334,693.505,337.91,15953,LC0_FZ_150_IA-4_filtered
25,12,4,-150.74,-3.826,691.075,261.8,15710,LC0_FZ_150_IA-4_filtered
25,12,4,-150.73,1.698,689.695,-121.45,15572,LC0_FZ_150_IA-4_filtered
25,12,4,-150.54,11.853,687.125,-382.12,15315,LC0_FZ_150_IA-4_filtered
25,12,4,-150.52,-6.121,691.645,318.81,15767,LC0_FZ_150_IA-4_filtered
25,12,4,-150.45,-7.246,694.535,309.31,16056,LC0_FZ_150_IA-4_filtered
25,12,4,-150.45,-5.812,694.895,288.97,16092,LC0_FZ_150_IA-4_filtered
25,12,4,-150.42,0.447,690.005,-20.42,15603,LC0_FZ_150_IA-4_filtered
25,12,4,-150.38,2.336,689.525,-163.4,15555,LC0_FZ_150_IA-4_filtered
25,12,4,-150.31,-0.075,690.135,27.28,15616,LC0_FZ_150_IA-4_filtered
25,12,4,-150.12,-8.107,692.145,337.91,15817,LC0_FZ_150_IA-4_filtered
25,12,4,-150.1,10.152,687.575,-362.58,15360,LC0_FZ_150_IA-4_filtered
25,12,4,-150.07,-9.257,692.435,339.45,15846,LC0_FZ_150_IA-4_filtered
25,12,4,-150.06,-10.182,692.665,344.22,15869,LC0_FZ_150_IA-4_filtered
25,12,4,-149.97,-11.71,693.155,339.73,15918,LC0_FZ_150_IA-4_filtered
25,12,4,-149.96,-1.042,690.385,114.91,15641,LC0_FZ_150_IA-4_filtered
25,12,4,-149.96,-7.921,692.095,331.34,15812,LC0_FZ_150_IA-4_filtered
25,12,4,-149.88,-5.38,695.005,281.47,16103,LC0_FZ_150_IA-4_filtered
25,12,4,-149.86,11.711,687.165,-374.87,15319,LC0_FZ_150_IA-4_filtered
25,12,4,-149.84,-7.47,691.985,328.07,15801,LC0_FZ_150_IA-4_filtered
25,12,4,-149.8,11.748,686.885,-381.23,15291,LC0_FZ_150_IA-4_filtered
25,12,4,-149.76,-4.434,695.245,260.78,16127,LC0_FZ_150_IA-4_filtered
25,12,4,-149.74,-4.578,695.205,268.56,16123,LC0_FZ_150_IA-4_filtered
25,12,4,-149.62,0.027,690.115,18.99,15614,LC0_FZ_150_IA-4_filtered
25,12,4,-149.57,-3.889,691.085,260.18,15711,LC0_FZ_150_IA-4_filtered
25,12,4,-149.36,-7.14,691.905,327.58,15793,LC0_FZ_150_IA-4_filtered
25,12,4,-149.29,8.497,685.985,-362.18,15201,LC0_FZ_150_IA-4_filtered
25,12,4,-149.26,-5.705,691.545,308.48,15757,LC0_FZ_150_IA-4_filtered
25,12,4,-149.18,11.259,687.285,-371.52,15331,LC0_FZ_150_IA-4_filtered
25,12,4,-149.16,-11.625,693.045,337.77,15907,LC0_FZ_150_IA-4_filtered
25,12,4,-149.07,-4.972,695.105,274.27,16113,LC0_FZ_150_IA-4_filtered
25,12,4,-149.05,-6.673,691.785,321.83,15781,LC0_FZ_150_IA-4_filtered
25,12,4,-148.97,7.604,685.755,-354.42,15178,LC0_FZ_150_IA-4_filtered
25,12,4,-148.94,-4.822,691.325,288.08,15735,LC0_FZ_150_IA-4_filtered
25,12,4,-148.89,3.449,684.715,-235.12,15074,LC0_FZ_150_IA-4_filtered
25,12,4,-148.88,-8.38,692.215,329.86,15824,LC0_FZ_150_IA-4_filtered
25,12,4,-148.78,-5.749,691.555,309.2,15758,LC0_FZ_150_IA-4_filtered
25,12,4,-148.73,4.402,689.015,-268.53,15504,LC0_FZ_150_IA-4_filtered
25,12,4,-148.67,7.111,685.635,-351.05,15166,LC0_FZ_150_IA-4_filtered
25,12,4,-148.56,8.786,687.915,-342.17,15394,LC0_FZ_150_IA-4_filtered
25,12,4,-148.49,-9.303,692.445,335.29,15847,LC0_FZ_150_IA-4_filtered
25,12,4,-148.46,-10.301,692.695,333.42,15872,LC0_FZ_150_IA-4_filtered
25,12,4,-148.45,-10.766,692.815,335.28,15884,LC0_FZ_150_IA-4_filtered
25,12,4,-148.3,3.54,684.735,-242.61,15076,LC0_FZ_150_IA-4_filtered
25,12,4,-148.16,-9.423,692.475,334.66,15850,LC0_FZ_150_IA-4_filtered
25,12,4,-148.12,-11.208,692.925,335.4,15895,LC0_FZ_150_IA-4_filtered
25,12,4,-148.03,11.487,687.225,-368.59,15325,LC0_FZ_150_IA-4_filtered
25,12,4,-147.91,-8.02,692.125,327.5,15815,LC0_FZ_150_IA-4_filtered
25,12,4,-147.86,-9.816,692.575,333.69,15860,LC0_FZ_150_IA-4_filtered
25,12,4,-147.5,8.937,687.875,-345.5,15390,LC0_FZ_150_IA-4_filtered
25,12,4,-147.49,1.208,689.815,-84.19,15584,LC0_FZ_150_IA-4_filtered
25,12,4,-147.46,-8.909,692.345,329.33,15837,LC0_FZ_150_IA-4_filtered
25,12,4,-147.36,2.993,689.365,-204.46,15539,LC0_FZ_150_IA-4_filtered
25,12,4,-147.29,3.945,684.845,-262.1,15087,LC0_FZ_150_IA-4_filtered
25,12,4,-147.29,8.101,685.885,-354.71,15191,LC0_FZ_150_IA-4_filtered
25,12,4,-147.26,3.307,689.285,-214.58,15531,LC0_FZ_150_IA-4_filtered
25,12,4,-147.22,-3.579,695.455,231.89,16148,LC0_FZ_150_IA-4_filtered
25,12,4,-147.2,11.076,687.335,-361.36,15336,LC0_FZ_150_IA-4_filtered
25,12,4,-146.9,6.562,688.475,-303.27,15450,LC0_FZ_150_IA-4_filtered
25,12,4,-146.73,10.295,687.535,-353.15,15356,LC0_FZ_150_IA-4_filtered
25,12,4,-146.66,6.635,688.455,-308.42,15448,LC0_FZ_150_IA-4_filtered
25,12,4,-146.55,6.758,685.545,-339.51,15157,LC0_FZ_150_IA-4_filtered
25,12,4,-146.53,-1.235,696.045,116.69,16207,LC0_FZ_150_IA-4_filtered
25,12,4,-146.41,7.035,685.615,-343.24,15164,LC0_FZ_150_IA-4_filtered
25,12,4,-146.39,7.536,688.225,-324.48,15425,LC0_FZ_150_IA-4_filtered
25,12,4,-146.38,10.202,687.555,-350.56,15358,LC0_FZ_150_IA-4_filtered
25,12,4,-146.29,12.037,687.065,-362.02,15309,LC0_FZ_150_IA-4_filtered
25,12,4,-146.27,5.66,685.275,-321.67,15130,LC0_FZ_150_IA-4_filtered
25,12,4,-146.04,6.597,688.465,-304.29,15449,LC0_FZ_150_IA-4_filtered
25,12,4,-145.96,5.635,688.705,-287.36,15473,LC0_FZ_150_IA-4_filtered
25,12,4,-145.94,6.1,685.385,-330.38,15141,LC0_FZ_150_IA-4_filtered
25,12,4,-145.82,5.849,685.315,-327.76,15134,LC0_FZ_150_IA-4_filtered
25,12,4,-145.71,9.971,686.355,-367.82,15238,LC0_FZ_150_IA-4_filtered
25,12,4,-145.68,7.515,688.235,-319.51,15426,LC0_FZ_150_IA-4_filtered
25,12,4,-145.67,-1.714,695.925,144.78,16195,LC0_FZ_150_IA-4_filtered
25,12,4,-145.6,3.355,689.275,-216.82,15530,LC0_FZ_150_IA-4_filtered
25,12,4,-145.59,5.239,688.805,-281,15483,LC0_FZ_150_IA-4_filtered
25,12,4,-145.52,3.559,684.745,-244.51,15077,LC0_FZ_150_IA-4_filtered
25,12,4,-145.49,12.144,686.985,-366.15,15301,LC0_FZ_150_IA-4_filtered
25,12,4,-145.38,10.244,687.545,-349.36,15357,LC0_FZ_150_IA-4_filtered
25,12,4,-145.33,3.364,684.695,-226.01,15072,LC0_FZ_150_IA-4_filtered
25,12,4,-145.02,10.674,687.435,-351.08,15346,LC0_FZ_150_IA-4_filtered
25,12,4,-144.96,5.187,688.815,-278.26,15484,LC0_FZ_150_IA-4_filtered
25,12,4,-144.9,5.669,688.695,-288.51,15472,LC0_FZ_150_IA-4_filtered
25,12,4,-144.85,1.179,689.825,-80.47,15585,LC0_FZ_150_IA-4_filtered
25,12,4,-144.77,10.451,686.475,-367.27,15250,LC0_FZ_150_IA-4_filtered
25,12,4,-144.71,3.835,689.155,-239.11,15518,LC0_FZ_150_IA-4_filtered
25,12,4,-144.57,-1.792,695.905,150.45,16193,LC0_FZ_150_IA-4_filtered
25,12,4,-144.48,9.543,686.245,-359.82,15227,LC0_FZ_150_IA-4_filtered
25,12,4,-144.48,0.29,690.045,-6.38,15607,LC0_FZ_150_IA-4_filtered
25,12,4,-144.44,5.387,685.205,-317,15123,LC0_FZ_150_IA-4_filtered
25,12,4,-144.35,11.423,686.715,-362.01,15274,LC0_FZ_150_IA-4_filtered
25,12,4,-144.34,-0.684,690.285,81.73,15631,LC0_FZ_150_IA-4_filtered
25,12,4,-144.24,11.742,686.855,-358.42,15288,LC0_FZ_150_IA-4_filtered
25,12,4,-144.06,-1.747,695.915,147.14,16194,LC0_FZ_150_IA-4_filtered
25,12,4,-143.98,-0.723,690.295,83.43,15632,LC0_FZ_150_IA-4_filtered
25,12,4,-143.91,0.716,689.935,-44.15,15596,LC0_FZ_150_IA-4_filtered
25,12,4,-143.87,7.715,685.785,-341.7,15181,LC0_FZ_150_IA-4_filtered
25,12,4,-143.84,-0.185,690.165,37.9,15619,LC0_FZ_150_IA-4_filtered
25,12,4,-143.29,4.465,684.975,-283.7,15100,LC0_FZ_150_IA-4_filtered
25,12,4,-143.12,4.015,684.865,-265.01,15089,LC0_FZ_150_IA-4_filtered
25,12,4,-143.03,3.307,684.685,-223.22,15071,LC0_FZ_150_IA-4_filtered
25,12,4,-142.92,-0.898,696.135,94.24,16216,LC0_FZ_150_IA-4_filtered
25,12,4,-142.43,-1.299,696.025,122.19,16205,LC0_FZ_150_IA-4_filtered
25,12,4,-141.94,10.553,686.495,-353.76,15252,LC0_FZ_150_IA-4_filtered
25,12,4,-141.73,10.123,686.395,-353.78,15242,LC0_FZ_150_IA-4_filtered
25,12,4,-141.72,6.833,685.565,-327.22,15159,LC0_FZ_150_IA-4_filtered
25,12,4,-141.58,0.682,689.945,-41.04,15597,LC0_FZ_150_IA-4_filtered
25,12,4,-141.38,9.671,686.275,-348.67,15230,LC0_FZ_150_IA-4_filtered
25,12,4,-141.33,9.218,686.165,-346.52,15219,LC0_FZ_150_IA-4_filtered
25,12,4,-140.86,7.304,685.685,-328.23,15171,LC0_FZ_150_IA-4_filtered
25,12,4,-140.86,7.788,685.805,-330.53,15183,LC0_FZ_150_IA-4_filtered
25,12,4,-140.85,6.036,685.365,-316.89,15139,LC0_FZ_150_IA-4_filtered
25,12,4,-140.67,3.274,684.675,-221.5,15070,LC0_FZ_150_IA-4_filtered
25,12,4,-140.19,6.416,685.465,-318.32,15149,LC0_FZ_150_IA-4_filtered
25,12,4,-110.04,-2.5,792.133,157.03,19424,LC0_FZ_100_IA-4_filtered
25,12,4,-108.93,-2.1,792.033,138.47,19414,LC0_FZ_100_IA-4_filtered
25,12,4,-108.7,-2.58,792.153,157.36,19426,LC0_FZ_100_IA-4_filtered
25,12,4,-107.22,-3.409,792.363,184.98,19447,LC0_FZ_100_IA-4_filtered
25,12,4,-106.79,-2.619,792.163,155.73,19427,LC0_FZ_100_IA-4_filtered
25,12,4,-106.74,-1.957,791.993,125.41,19410,LC0_FZ_100_IA-4_filtered
25,12,4,-106.37,1.799,785.693,-111.76,18780,LC0_FZ_100_IA-4_filtered
25,12,4,-106.23,-3.849,792.473,196.55,19458,LC0_FZ_100_IA-4_filtered
25,12,4,-106.21,1.624,785.653,-98.87,18776,LC0_FZ_100_IA-4_filtered
25,12,4,-106.19,-3.469,792.373,185.23,19448,LC0_FZ_100_IA-4_filtered
25,12,4,-106.17,-2.815,792.213,157.72,19432,LC0_FZ_100_IA-4_filtered
25,12,4,-105.76,-7.082,793.283,249.5,19539,LC0_FZ_100_IA-4_filtered
25,12,4,-105.67,-6.251,796.172,224.67,19828,LC0_FZ_100_IA-4_filtered
25,12,4,-105.55,2.232,785.803,-132.31,18791,LC0_FZ_100_IA-4_filtered
25,12,4,-105.5,-7.659,795.822,235.82,19793,LC0_FZ_100_IA-4_filtered
25,12,4,-105.34,-7.523,793.393,251.36,19550,LC0_FZ_100_IA-4_filtered
25,12,4,-105.29,-5.82,796.282,219.35,19839,LC0_FZ_100_IA-4_filtered
25,12,4,-105.27,-9.078,795.472,241.11,19758,LC0_FZ_100_IA-4_filtered
25,12,4,-105.22,-9.012,795.482,241.24,19759,LC0_FZ_100_IA-4_filtered
25,12,4,-105.16,-8.092,795.712,237.83,19782,LC0_FZ_100_IA-4_filtered
25,12,4,-105.11,-1.122,791.793,85.24,19390,LC0_FZ_100_IA-4_filtered
25,12,4,-105.02,-2.646,792.173,153.29,19428,LC0_FZ_100_IA-4_filtered
25,12,4,-105.02,-6.779,796.042,226.49,19815,LC0_FZ_100_IA-4_filtered
25,12,4,-105.01,-6.17,793.053,244.49,19516,LC0_FZ_100_IA-4_filtered
25,12,4,-105.01,-8.069,795.722,235.33,19783,LC0_FZ_100_IA-4_filtered
25,12,4,-104.97,-4.766,792.703,219.81,19481,LC0_FZ_100_IA-4_filtered
25,12,4,-104.85,-8.454,793.622,249.94,19573,LC0_FZ_100_IA-4_filtered
25,12,4,-104.84,-5.246,792.823,230.8,19493,LC0_FZ_100_IA-4_filtered
25,12,4,-104.79,-8.485,793.633,246.81,19574,LC0_FZ_100_IA-4_filtered
25,12,4,-104.52,-3.294,792.333,173.27,19444,LC0_FZ_100_IA-4_filtered
25,12,4,-104.47,-6.686,793.182,242.14,19529,LC0_FZ_100_IA-4_filtered
25,12,4,-104.46,-5.779,796.292,218.81,19840,LC0_FZ_100_IA-4_filtered
25,12,4,-104.42,-5.149,792.803,225.68,19491,LC0_FZ_100_IA-4_filtered
25,12,4,-104.42,-7.574,795.842,231.56,19795,LC0_FZ_100_IA-4_filtered
25,12,4,-104.39,-7.116,793.293,245.08,19540,LC0_FZ_100_IA-4_filtered
25,12,4,-104.37,-10.36,795.142,244.13,19725,LC0_FZ_100_IA-4_filtered
25,12,4,-104.35,-9.839,793.972,250.68,19608,LC0_FZ_100_IA-4_filtered
25,12,4,-104.34,-5.278,792.833,229.09,19494,LC0_FZ_100_IA-4_filtered
25,12,4,-104.22,-9.531,795.352,241.61,19746,LC0_FZ_100_IA-4_filtered
25,12,4,-104.19,-9.449,795.372,241.65,19748,LC0_FZ_100_IA-4_filtered
25,12,4,-104.12,-6.078,793.033,241.83,19514,LC0_FZ_100_IA-4_filtered
25,12,4,-104.01,-10.728,794.193,251.9,19630,LC0_FZ_100_IA-4_filtered
25,12,4,-103.97,-7.084,795.962,226.86,19807,LC0_FZ_100_IA-4_filtered
25,12,4,-103.95,-10.329,795.152,240.4,19726,LC0_FZ_100_IA-4_filtered
25,12,4,-103.9,-6.343,796.152,221.29,19826,LC0_FZ_100_IA-4_filtered
25,12,4,-103.88,-2.679,792.183,151.34,19429,LC0_FZ_100_IA-4_filtered
25,12,4,-103.84,-2.774,792.203,153.48,19431,LC0_FZ_100_IA-4_filtered
25,12,4,-103.76,2.684,785.913,-150.76,18802,LC0_FZ_100_IA-4_filtered
25,12,4,-103.75,-4.916,796.512,204.61,19862,LC0_FZ_100_IA-4_filtered
25,12,4,-103.64,-3.079,792.283,168.11,19439,LC0_FZ_100_IA-4_filtered
25,12,4,-103.62,-4.703,792.683,211.49,19479,LC0_FZ_100_IA-4_filtered
25,12,4,-103.59,1.603,785.643,-96.06,18775,LC0_FZ_100_IA-4_filtered
25,12,4,-103.55,-9.421,795.382,237.87,19749,LC0_FZ_100_IA-4_filtered
25,12,4,-103.49,-9.761,793.953,250.16,19606,LC0_FZ_100_IA-4_filtered
25,12,4,-103.45,-7.607,793.413,242.22,19552,LC0_FZ_100_IA-4_filtered
25,12,4,-103.4,-4.848,792.723,217.83,19483,LC0_FZ_100_IA-4_filtered
25,12,4,-103.28,-9.285,793.833,247.98,19594,LC0_FZ_100_IA-4_filtered
25,12,4,-103.22,-3.732,792.443,182.04,19455,LC0_FZ_100_IA-4_filtered
25,12,4,-103.16,-6.824,796.032,222.48,19814,LC0_FZ_100_IA-4_filtered
25,12,4,-103.15,-11.718,794.552,249.94,19666,LC0_FZ_100_IA-4_filtered
25,12,4,-103.05,-10.374,794.102,245.91,19621,LC0_FZ_100_IA-4_filtered
25,12,4,-102.96,-5.339,792.843,224.94,19495,LC0_FZ_100_IA-4_filtered
25,12,4,-102.89,-9.576,795.342,238.15,19745,LC0_FZ_100_IA-4_filtered
25,12,4,-102.82,-7.544,795.852,227.25,19796,LC0_FZ_100_IA-4_filtered
25,12,4,-102.8,-1.733,791.943,114.73,19405,LC0_FZ_100_IA-4_filtered
25,12,4,-102.75,-4.454,796.622,194.02,19873,LC0_FZ_100_IA-4_filtered
25,12,4,-102.73,-5.694,796.312,212.17,19842,LC0_FZ_100_IA-4_filtered
25,12,4,-102.57,7.557,789.613,-237.36,19172,LC0_FZ_100_IA-4_filtered
25,12,4,-102.4,10.347,788.913,-258.85,19102,LC0_FZ_100_IA-4_filtered
25,12,4,-102.32,2.513,790.883,-136.74,19299,LC0_FZ_100_IA-4_filtered
25,12,4,-102.23,-9.937,793.992,243.54,19610,LC0_FZ_100_IA-4_filtered
25,12,4,-102.17,-7.055,795.972,222.55,19808,LC0_FZ_100_IA-4_filtered
25,12,4,-102.14,6.659,789.843,-230.41,19195,LC0_FZ_100_IA-4_filtered
25,12,4,-102.13,-11.559,794.412,247.57,19652,LC0_FZ_100_IA-4_filtered
25,12,4,-102.1,-10.743,795.042,238.24,19715,LC0_FZ_100_IA-4_filtered
25,12,4,-102.09,-7.4,793.362,244.64,19547,LC0_FZ_100_IA-4_filtered
25,12,4,-102.09,-2.588,797.092,140.04,19920,LC0_FZ_100_IA-4_filtered
25,12,4,-102.07,-11.645,794.802,243.38,19691,LC0_FZ_100_IA-4_filtered
25,12,4,-101.97,6.7,789.833,-230.89,19194,LC0_FZ_100_IA-4_filtered
25,12,4,-101.94,-3.118,792.293,165.85,19440,LC0_FZ_100_IA-4_filtered
25,12,4,-101.74,-4.656,792.673,205.45,19478,LC0_FZ_100_IA-4_filtered
25,12,4,-101.62,4.378,790.413,-197.98,19252,LC0_FZ_100_IA-4_filtered
25,12,4,-101.58,6.269,789.943,-225.34,19205,LC0_FZ_100_IA-4_filtered
25,12,4,-101.57,-11.74,794.573,241.62,19668,LC0_FZ_100_IA-4_filtered
25,12,4,-101.51,9.832,789.043,-252.52,19115,LC0_FZ_100_IA-4_filtered
25,12,4,-101.48,11.276,788.673,-261.87,19078,LC0_FZ_100_IA-4_filtered
25,12,4,-101.46,-3.1,796.962,154.33,19907,LC0_FZ_100_IA-4_filtered
25,12,4,-101.41,3.92,790.533,-185.26,19264,LC0_FZ_100_IA-4_filtered
25,12,4,-101.37,-3.911,796.762,179.47,19887,LC0_FZ_100_IA-4_filtered
25,12,4,-101.32,9.508,789.123,-245.35,19123,LC0_FZ_100_IA-4_filtered
25,12,4,-101.27,-4.023,792.513,190.96,19462,LC0_FZ_100_IA-4_filtered
25,12,4,-101.26,-6.565,796.092,216.76,19820,LC0_FZ_100_IA-4_filtered
25,12,4,-101.21,-9.469,793.883,238.97,19599,LC0_FZ_100_IA-4_filtered
25,12,4,-101.21,-11.121,794.292,245.32,19640,LC0_FZ_100_IA-4_filtered
25,12,4,-101.2,-3.037,796.982,154.41,19909,LC0_FZ_100_IA-4_filtered
25,12,4,-101.12,-8.333,793.593,245.03,19570,LC0_FZ_100_IA-4_filtered
25,12,4,-101.03,-9.796,795.282,231.66,19739,LC0_FZ_100_IA-4_filtered
25,12,4,-100.99,-2.123,797.212,122.39,19932,LC0_FZ_100_IA-4_filtered
25,12,4,-100.98,-3.571,792.403,177.72,19451,LC0_FZ_100_IA-4_filtered
25,12,4,-100.97,3.171,786.033,-168.33,18814,LC0_FZ_100_IA-4_filtered
25,12,4,-100.97,2.132,790.973,-116.28,19308,LC0_FZ_100_IA-4_filtered
25,12,4,-100.85,5.3,790.173,-214.47,19228,LC0_FZ_100_IA-4_filtered
25,12,4,-100.81,4.4,790.403,-196.16,19251,LC0_FZ_100_IA-4_filtered
25,12,4,-100.65,-10.172,794.052,242.19,19616,LC0_FZ_100_IA-4_filtered
25,12,4,-100.61,-5.656,796.322,206.91,19843,LC0_FZ_100_IA-4_filtered
25,12,4,-100.6,-8.755,793.703,241.58,19581,LC0_FZ_100_IA-4_filtered
25,12,4,-100.43,-4.927,792.743,209.54,19485,LC0_FZ_100_IA-4_filtered
25,12,4,-100.41,-8.134,793.543,233.47,19565,LC0_FZ_100_IA-4_filtered
25,12,4,-100.4,0.975,785.483,-61.67,18759,LC0_FZ_100_IA-4_filtered
25,12,4,-100.39,2.001,785.743,-114.16,18785,LC0_FZ_100_IA-4_filtered
25,12,4,-100.32,4.019,786.253,-196.63,18836,LC0_FZ_100_IA-4_filtered
25,12,4,-100.23,9.791,789.053,-246.7,19116,LC0_FZ_100_IA-4_filtered
25,12,4,-100.19,-7.944,795.752,221.95,19786,LC0_FZ_100_IA-4_filtered
25,12,4,-100.16,-5.97,793.003,222.61,19511,LC0_FZ_100_IA-4_filtered
25,12,4,-100.11,5.195,790.203,-210.8,19231,LC0_FZ_100_IA-4_filtered
25,12,4,-100.1,3.55,790.623,-166.52,19273,LC0_FZ_100_IA-4_filtered
25,12,4,-100.1,-6.876,793.233,231.6,19534,LC0_FZ_100_IA-4_filtered
25,12,4,-100.1,-8.256,795.672,225.83,19778,LC0_FZ_100_IA-4_filtered
25,12,4,-100.09,12.021,788.463,-259.91,19057,LC0_FZ_100_IA-4_filtered
25,12,4,-100.02,-4.605,792.663,199.59,19477,LC0_FZ_100_IA-4_filtered
25,12,4,-99.98,-11.075,794.282,239.07,19639,LC0_FZ_100_IA-4_filtered
25,12,4,-99.97,-11.727,794.582,235.76,19669,LC0_FZ_100_IA-4_filtered
25,12,4,-99.94,4.303,790.433,-194.49,19254,LC0_FZ_100_IA-4_filtered
25,12,4,-99.9,6.293,789.933,-221.38,19204,LC0_FZ_100_IA-4_filtered
25,12,4,-99.88,-6.087,796.212,209.82,19832,LC0_FZ_100_IA-4_filtered
25,12,4,-99.85,7.696,789.583,-231.16,19169,LC0_FZ_100_IA-4_filtered
25,12,4,-99.83,11.76,788.543,-258.49,19065,LC0_FZ_100_IA-4_filtered
25,12,4,-99.77,-10.452,794.122,235.46,19623,LC0_FZ_100_IA-4_filtered
25,12,4,-99.71,10.927,787.973,-260.21,19008,LC0_FZ_100_IA-4_filtered
25,12,4,-99.7,-5.888,792.983,219.88,19509,LC0_FZ_100_IA-4_filtered
25,12,4,-99.68,8.644,787.403,-250.28,18951,LC0_FZ_100_IA-4_filtered
25,12,4,-99.68,-1.617,797.332,102.71,19944,LC0_FZ_100_IA-4_filtered
25,12,4,-99.65,1.224,791.203,-72.72,19331,LC0_FZ_100_IA-4_filtered
25,12,4,-99.6,10.041,787.753,-255.7,18986,LC0_FZ_100_IA-4_filtered
25,12,4,-99.6,-3.005,796.992,151.38,19910,LC0_FZ_100_IA-4_filtered
25,12,4,-99.58,-8.844,795.522,224.7,19763,LC0_FZ_100_IA-4_filtered
25,12,4,-99.56,11.437,788.103,-261.34,19021,LC0_FZ_100_IA-4_filtered
25,12,4,-99.54,-7.452,795.872,218.18,19798,LC0_FZ_100_IA-4_filtered
25,12,4,-99.49,11.157,788.703,-253.89,19081,LC0_FZ_100_IA-4_filtered
25,12,4,-99.49,-6.887,796.012,214.64,19812,LC0_FZ_100_IA-4_filtered
25,12,4,-99.45,10.471,787.863,-258.83,18997,LC0_FZ_100_IA-4_filtered
25,12,4,-99.36,7.245,787.053,-247.37,18916,LC0_FZ_100_IA-4_filtered
25,12,4,-99.3,-5.612,796.332,201.68,19844,LC0_FZ_100_IA-4_filtered
25,12,4,-99.28,1.538,791.123,-91.86,19323,LC0_FZ_100_IA-4_filtered
25,12,4,-99.18,-10.674,795.062,227.65,19717,LC0_FZ_100_IA-4_filtered
25,12,4,-99.17,-0.952,791.753,68.69,19386,LC0_FZ_100_IA-4_filtered
25,12,4,-99.11,-7.911,795.762,218.31,19787,LC0_FZ_100_IA-4_filtered
25,12,4,-99.08,4.965,786.483,-219.42,18859,LC0_FZ_100_IA-4_filtered
25,12,4,-99.06,-4.52,792.643,196.26,19475,LC0_FZ_100_IA-4_filtered
25,12,4,-99.05,-8.3,795.662,221.74,19777,LC0_FZ_100_IA-4_filtered
25,12,4,-98.95,-7.37,795.892,216.46,19800,LC0_FZ_100_IA-4_filtered
25,12,4,-98.94,-9.083,793.783,231.63,19589,LC0_FZ_100_IA-4_filtered
25,12,4,-98.91,7.28,787.063,-245.06,18917,LC0_FZ_100_IA-4_filtered
25,12,4,-98.88,-10.124,794.042,236.65,19615,LC0_FZ_100_IA-4_filtered
25,12,4,-98.79,8.652,789.343,-231.83,19145,LC0_FZ_100_IA-4_filtered
25,12,4,-98.73,1.963,785.733,-113.22,18784,LC0_FZ_100_IA-4_filtered
25,12,4,-98.72,11.371,788.653,-252.97,19076,LC0_FZ_100_IA-4_filtered
25,12,4,-98.7,-11.058,794.962,227,19707,LC0_FZ_100_IA-4_filtered
25,12,4,-98.67,-8.769,795.542,221.4,19765,LC0_FZ_100_IA-4_filtered
25,12,4,-98.66,5.857,786.703,-232.79,18881,LC0_FZ_100_IA-4_filtered
25,12,4,-98.64,-8.332,795.652,220.31,19776,LC0_FZ_100_IA-4_filtered
25,12,4,-98.47,4.017,790.503,-179.21,19261,LC0_FZ_100_IA-4_filtered
25,12,4,-98.45,2.424,790.903,-131.06,19301,LC0_FZ_100_IA-4_filtered
25,12,4,-98.33,-8.801,795.532,221.65,19764,LC0_FZ_100_IA-4_filtered
25,12,4,-98.29,7.924,789.523,-227.7,19163,LC0_FZ_100_IA-4_filtered
25,12,4,-98.25,11.47,788.113,-256.74,19022,LC0_FZ_100_IA-4_filtered
25,12,4,-98.23,-11.552,794.832,229.45,19694,LC0_FZ_100_IA-4_filtered
25,12,4,-98.1,-9.684,795.312,224.47,19742,LC0_FZ_100_IA-4_filtered
25,12,4,-98.09,11.998,788.473,-253.03,19058,LC0_FZ_100_IA-4_filtered
25,12,4,-98.03,1.056,785.503,-65.52,18761,LC0_FZ_100_IA-4_filtered
25,12,4,-98.03,-11.499,794.393,234.58,19650,LC0_FZ_100_IA-4_filtered
25,12,4,-97.99,-10.045,794.023,231.15,19613,LC0_FZ_100_IA-4_filtered
25,12,4,-97.98,10.05,788.993,-239.8,19110,LC0_FZ_100_IA-4_filtered
25,12,4,-97.96,6.277,786.813,-237.21,18892,LC0_FZ_100_IA-4_filtered
25,12,4,-97.76,10.395,787.843,-253.22,18995,LC0_FZ_100_IA-4_filtered
25,12,4,-97.74,5.813,786.693,-228.95,18880,LC0_FZ_100_IA-4_filtered
25,12,4,-97.66,1.756,791.073,-95.83,19318,LC0_FZ_100_IA-4_filtered
25,12,4,-97.61,11.774,788.233,-256.44,19034,LC0_FZ_100_IA-4_filtered
25,12,4,-97.57,-1.348,797.402,84.75,19951,LC0_FZ_100_IA-4_filtered
25,12,4,-97.39,4.506,790.383,-188.58,19249,LC0_FZ_100_IA-4_filtered
25,12,4,-97.38,8.535,787.373,-243.74,18948,LC0_FZ_100_IA-4_filtered
25,12,4,-97.37,6.802,789.803,-217.01,19191,LC0_FZ_100_IA-4_filtered
25,12,4,-97.27,10.559,787.883,-253.07,18999,LC0_FZ_100_IA-4_filtered
25,12,4,-97.18,-4.626,796.582,183.42,19869,LC0_FZ_100_IA-4_filtered
25,12,4,-97.16,-11.461,794.383,229.7,19649,LC0_FZ_100_IA-4_filtered
25,12,4,-97.11,-11.695,794.503,230.91,19661,LC0_FZ_100_IA-4_filtered
25,12,4,-96.91,2.85,790.793,-146.4,19290,LC0_FZ_100_IA-4_filtered
25,12,4,-96.85,12.124,788.413,-251.51,19052,LC0_FZ_100_IA-4_filtered
25,12,4,-96.8,-11.427,794.372,227.65,19648,LC0_FZ_100_IA-4_filtered
25,12,4,-96.75,11.395,788.643,-245.52,19075,LC0_FZ_100_IA-4_filtered
25,12,4,-96.65,2.409,785.843,-131.8,18795,LC0_FZ_100_IA-4_filtered
25,12,4,-96.56,4.961,790.263,-194.88,19237,LC0_FZ_100_IA-4_filtered
25,12,4,-96.49,6.676,786.913,-234.63,18902,LC0_FZ_100_IA-4_filtered
25,12,4,-96.46,-0.916,791.743,65.72,19385,LC0_FZ_100_IA-4_filtered
25,12,4,-96.45,11.048,788.003,-252.04,19011,LC0_FZ_100_IA-4_filtered
25,12,4,-96.42,6.251,786.803,-232,18891,LC0_FZ_100_IA-4_filtered
25,12,4,-96.38,10.199,788.953,-237.76,19106,LC0_FZ_100_IA-4_filtered
25,12,4,-96.25,11.8,788.293,-249.88,19040,LC0_FZ_100_IA-4_filtered
25,12,4,-96.1,8.04,787.253,-240.42,18936,LC0_FZ_100_IA-4_filtered
25,12,4,-96.08,0.212,791.463,-9.04,19357,LC0_FZ_100_IA-4_filtered
25,12,4,-95.98,2.914,785.973,-147.66,18808,LC0_FZ_100_IA-4_filtered
25,12,4,-95.87,-4.177,796.692,173.85,19880,LC0_FZ_100_IA-4_filtered
25,12,4,-95.72,8.793,789.303,-226.14,19141,LC0_FZ_100_IA-4_filtered
25,12,4,-95.66,2.703,790.833,-134.02,19294,LC0_FZ_100_IA-4_filtered
25,12,4,-95.62,7.77,789.563,-219.33,19167,LC0_FZ_100_IA-4_filtered
25,12,4,-95.45,4.236,790.453,-183.92,19256,LC0_FZ_100_IA-4_filtered
25,12,4,-95.44,10.547,788.863,-234.7,19097,LC0_FZ_100_IA-4_filtered
25,12,4,-95.38,10.623,788.843,-234.68,19095,LC0_FZ_100_IA-4_filtered
25,12,4,-95.27,9.236,789.193,-226.49,19130,LC0_FZ_100_IA-4_filtered
25,12,4,-95.15,7.412,789.653,-215.17,19176,LC0_FZ_100_IA-4_filtered
25,12,4,-94.85,4.589,786.393,-205.56,18850,LC0_FZ_100_IA-4_filtered
25,12,4,-94.78,4.797,786.443,-201.18,18855,LC0_FZ_100_IA-4_filtered
25,12,4,-94.73,2.836,790.803,-141.43,19291,LC0_FZ_100_IA-4_filtered
25,12,4,-94.67,11.009,788.743,-234.73,19085,LC0_FZ_100_IA-4_filtered
25,12,4,-94.65,5.514,786.623,-220.16,18873,LC0_FZ_100_IA-4_filtered
25,12,4,-94.49,-1.87,797.272,104.91,19938,LC0_FZ_100_IA-4_filtered
25,12,4,-94.32,2.846,785.963,-146.83,18807,LC0_FZ_100_IA-4_filtered
25,12,4,-94.25,6.386,789.903,-205.57,19201,LC0_FZ_100_IA-4_filtered
25,12,4,-94.21,-0.53,791.633,37.29,19374,LC0_FZ_100_IA-4_filtered
25,12,4,-94.17,1.477,791.143,-84.87,19325,LC0_FZ_100_IA-4_filtered
25,12,4,-94.13,-2.371,797.152,121.83,19926,LC0_FZ_100_IA-4_filtered
25,12,4,-94.05,10.154,787.783,-240.24,18989,LC0_FZ_100_IA-4_filtered
25,12,4,-94.02,-2.831,797.032,136.29,19914,LC0_FZ_100_IA-4_filtered
25,12,4,-93.99,8.317,787.323,-229.06,18943,LC0_FZ_100_IA-4_filtered
25,12,4,-93.9,3.671,790.593,-162.88,19270,LC0_FZ_100_IA-4_filtered
25,12,4,-93.89,4.306,786.323,-188.7,18843,LC0_FZ_100_IA-4_filtered
25,12,4,-93.62,5.973,790.013,-200.47,19212,LC0_FZ_100_IA-4_filtered
25,12,4,-93.34,10.63,787.903,-238.71,19001,LC0_FZ_100_IA-4_filtered
25,12,4,-93.17,3.839,786.203,-175.67,18831,LC0_FZ_100_IA-4_filtered
25,12,4,-93.1,5.514,790.123,-195.85,19223,LC0_FZ_100_IA-4_filtered
25,12,4,-93,11.837,788.383,-237.81,19049,LC0_FZ_100_IA-4_filtered
25,12,4,-92.95,7.382,787.093,-226.15,18920,LC0_FZ_100_IA-4_filtered
25,12,4,-92.94,7.527,787.123,-227.53,18923,LC0_FZ_100_IA-4_filtered
25,12,4,-92.37,4.741,786.433,-196.82,18854,LC0_FZ_100_IA-4_filtered
25,12,4,-92.34,-0.482,791.623,34.55,19373,LC0_FZ_100_IA-4_filtered
25,12,4,-91.92,8.369,787.333,-225.28,18944,LC0_FZ_100_IA-4_filtered
25,12,4,-91.82,-0.454,791.613,32.33,19372,LC0_FZ_100_IA-4_filtered
25,12,4,-91.52,4.231,786.303,-186.24,18841,LC0_FZ_100_IA-4_filtered
25,12,4,-91.4,5.685,786.663,-211.53,18877,LC0_FZ_100_IA-4_filtered
25,12,4,-91.15,6.998,786.993,-219.57,18910,LC0_FZ_100_IA-4_filtered
25,12,4,-90.84,0.914,791.273,-55.53,19338,LC0_FZ_100_IA-4_filtered
25,12,4,-89.16,-0.003,791.513,2.63,19362,LC0_FZ_100_IA-4_filtered
25,12,4,-58.82,-2.73,724.584,100.82,16932,LC0_FZ_50_IA-4_filtered
25,12,4,-58.14,-2.271,724.474,88.77,16921,LC0_FZ_50_IA-4_filtered
25,12,4,-57.32,-3.069,724.674,105.87,16941,LC0_FZ_50_IA-4_filtered
25,12,4,-57.3,1.808,718.084,-74.27,16282,LC0_FZ_50_IA-4_filtered
25,12,4,-56.68,1.749,718.074,-71.77,16281,LC0_FZ_50_IA-4_filtered
25,12,4,-56.65,2.259,718.194,-86.07,16293,LC0_FZ_50_IA-4_filtered
25,12,4,-56.24,-1.772,724.344,73.61,16908,LC0_FZ_50_IA-4_filtered
25,12,4,-55.84,1.312,717.964,-58.16,16270,LC0_FZ_50_IA-4_filtered
25,12,4,-55.48,-4.549,725.044,128.43,16978,LC0_FZ_50_IA-4_filtered
25,12,4,-55.42,-5.463,725.274,139.81,17001,LC0_FZ_50_IA-4_filtered
25,12,4,-55.29,-3.67,724.824,113.51,16956,LC0_FZ_50_IA-4_filtered
25,12,4,-55.17,-5.922,725.384,145.36,17012,LC0_FZ_50_IA-4_filtered
25,12,4,-55.06,-6.791,725.604,151.29,17034,LC0_FZ_50_IA-4_filtered
25,12,4,-55.02,-4.947,725.144,134.95,16988,LC0_FZ_50_IA-4_filtered
25,12,4,-55.01,-4.475,725.024,126.72,16976,LC0_FZ_50_IA-4_filtered
25,12,4,-54.96,-2.559,724.544,89.57,16928,LC0_FZ_50_IA-4_filtered
25,12,4,-54.67,2.678,718.304,-94.74,16304,LC0_FZ_50_IA-4_filtered
25,12,4,-54.52,-6.42,725.514,143,17025,LC0_FZ_50_IA-4_filtered
25,12,4,-54.34,-7.342,725.744,145.13,17048,LC0_FZ_50_IA-4_filtered
25,12,4,-54.32,-1.885,724.374,73.33,16911,LC0_FZ_50_IA-4_filtered
25,12,4,-54.32,-9.631,726.314,147.8,17105,LC0_FZ_50_IA-4_filtered
25,12,4,-54.31,-1.356,724.244,57.79,16898,LC0_FZ_50_IA-4_filtered
25,12,4,-54.3,-8.698,726.084,146.69,17082,LC0_FZ_50_IA-4_filtered
25,12,4,-54.24,-8.182,725.954,151.53,17069,LC0_FZ_50_IA-4_filtered
25,12,4,-54.23,-8.686,726.074,149.36,17081,LC0_FZ_50_IA-4_filtered
25,12,4,-54.1,-1.313,724.234,56.69,16897,LC0_FZ_50_IA-4_filtered
25,12,4,-54.02,-10.554,726.544,147.56,17128,LC0_FZ_50_IA-4_filtered
25,12,4,-54.01,0.919,717.854,-41.82,16259,LC0_FZ_50_IA-4_filtered
25,12,4,-53.81,-9.182,726.204,145.12,17094,LC0_FZ_50_IA-4_filtered
25,12,4,-53.8,-4.891,725.134,130.67,16987,LC0_FZ_50_IA-4_filtered
25,12,4,-53.7,-10.099,726.434,146.19,17117,LC0_FZ_50_IA-4_filtered
25,12,4,-53.65,3.119,718.414,-101.65,16315,LC0_FZ_50_IA-4_filtered
25,12,4,-53.65,-8.265,725.974,145.74,17071,LC0_FZ_50_IA-4_filtered
25,12,4,-53.61,-11.489,726.784,145.26,17152,LC0_FZ_50_IA-4_filtered
25,12,4,-53.52,-9.654,726.324,143.88,17106,LC0_FZ_50_IA-4_filtered
25,12,4,-53.09,-5.34,725.244,132.66,16998,LC0_FZ_50_IA-4_filtered
25,12,4,-53.08,-10.084,727.604,140.25,17234,LC0_FZ_50_IA-4_filtered
25,12,4,-53,-11.083,726.674,141.97,17141,LC0_FZ_50_IA-4_filtered
25,12,4,-52.91,-6.459,725.524,136.18,17026,LC0_FZ_50_IA-4_filtered
25,12,4,-52.87,-1.382,724.254,58.06,16899,LC0_FZ_50_IA-4_filtered
25,12,4,-52.77,-9.236,726.214,139.47,17095,LC0_FZ_50_IA-4_filtered
25,12,4,-52.71,-11.476,727.244,143.33,17198,LC0_FZ_50_IA-4_filtered
25,12,4,-52.68,-10.941,726.644,145.04,17138,LC0_FZ_50_IA-4_filtered
25,12,4,-52.47,-2.947,724.644,91.6,16938,LC0_FZ_50_IA-4_filtered
25,12,4,-52.34,-3.668,729.214,102.01,17395,LC0_FZ_50_IA-4_filtered
25,12,4,-52.18,-5.447,728.764,124.99,17350,LC0_FZ_50_IA-4_filtered
25,12,4,-52.13,1.452,717.994,-59.99,16273,LC0_FZ_50_IA-4_filtered
25,12,4,-52.11,-1.644,724.314,63.13,16905,LC0_FZ_50_IA-4_filtered
25,12,4,-52.11,-8.772,727.934,138.04,17267,LC0_FZ_50_IA-4_filtered
25,12,4,-51.91,-8.109,725.934,143.88,17067,LC0_FZ_50_IA-4_filtered
25,12,4,-51.82,-7.891,725.874,134.13,17061,LC0_FZ_50_IA-4_filtered
25,12,4,-51.74,-2.433,724.514,80.35,16925,LC0_FZ_50_IA-4_filtered
25,12,4,-51.73,-4.589,728.984,114.85,17372,LC0_FZ_50_IA-4_filtered
25,12,4,-51.7,-10.66,727.464,138.48,17220,LC0_FZ_50_IA-4_filtered
25,12,4,-51.62,-2.904,724.634,89.34,16937,LC0_FZ_50_IA-4_filtered
25,12,4,-51.58,10.685,721.224,-139.06,16596,LC0_FZ_50_IA-4_filtered
25,12,4,-51.51,9.314,721.564,-137.66,16630,LC0_FZ_50_IA-4_filtered
25,12,4,-51.51,6.083,722.384,-131.32,16712,LC0_FZ_50_IA-4_filtered
25,12,4,-51.5,-3.137,729.344,94.02,17408,LC0_FZ_50_IA-4_filtered
25,12,4,-51.41,-9.561,727.734,134.55,17247,LC0_FZ_50_IA-4_filtered
25,12,4,-51.39,-6.238,725.464,133.78,17020,LC0_FZ_50_IA-4_filtered
25,12,4,-51.38,6.854,719.344,-142.97,16408,LC0_FZ_50_IA-4_filtered
25,12,4,-51.35,-9.078,727.854,131.75,17259,LC0_FZ_50_IA-4_filtered
25,12,4,-51.27,8.802,721.694,-136.29,16643,LC0_FZ_50_IA-4_filtered
25,12,4,-51.21,-4.383,725.004,115.25,16974,LC0_FZ_50_IA-4_filtered
25,12,4,-51.17,6.445,719.244,-138.31,16398,LC0_FZ_50_IA-4_filtered
25,12,4,-51.15,2.567,718.274,-82.98,16301,LC0_FZ_50_IA-4_filtered
25,12,4,-51.15,-9.273,726.224,132.53,17096,LC0_FZ_50_IA-4_filtered
25,12,4,-51.13,9.197,719.934,-142.42,16467,LC0_FZ_50_IA-4_filtered
25,12,4,-51.11,6.388,719.234,-141.77,16397,LC0_FZ_50_IA-4_filtered
25,12,4,-51.04,9.744,721.464,-136.83,16620,LC0_FZ_50_IA-4_filtered
25,12,4,-51.01,8.214,719.684,-142.51,16442,LC0_FZ_50_IA-4_filtered
25,12,4,-50.95,10.595,720.284,-142.51,16502,LC0_FZ_50_IA-4_filtered
25,12,4,-50.95,-2.035,724.414,71.11,16915,LC0_FZ_50_IA-4_filtered
25,12,4,-50.91,-9.733,727.694,136.1,17243,LC0_FZ_50_IA-4_filtered
25,12,4,-50.83,-3.723,729.204,99.86,17394,LC0_FZ_50_IA-4_filtered
25,12,4,-50.81,5.629,722.494,-127.62,16723,LC0_FZ_50_IA-4_filtered
25,12,4,-50.72,-2.682,729.464,83.41,17420,LC0_FZ_50_IA-4_filtered
25,12,4,-50.66,5.551,722.514,-125.45,16725,LC0_FZ_50_IA-4_filtered
25,12,4,-50.65,5.136,722.614,-124.66,16735,LC0_FZ_50_IA-4_filtered
25,12,4,-50.65,-8.607,727.974,129.66,17271,LC0_FZ_50_IA-4_filtered
25,12,4,-50.62,-3.384,724.754,96.25,16949,LC0_FZ_50_IA-4_filtered
25,12,4,-50.61,-4.636,728.974,112.7,17371,LC0_FZ_50_IA-4_filtered
25,12,4,-50.59,-11.528,727.224,136.67,17196,LC0_FZ_50_IA-4_filtered
25,12,4,-50.58,-8.808,727.924,133.75,17266,LC0_FZ_50_IA-4_filtered
25,12,4,-50.55,-10.426,726.514,138.38,17125,LC0_FZ_50_IA-4_filtered
25,12,4,-50.44,10.647,721.234,-135.56,16597,LC0_FZ_50_IA-4_filtered
25,12,4,-50.44,-3.362,724.744,95.51,16948,LC0_FZ_50_IA-4_filtered
25,12,4,-50.32,11.813,720.634,-142.24,16537,LC0_FZ_50_IA-4_filtered
25,12,4,-50.27,1.607,718.034,-59.45,16277,LC0_FZ_50_IA-4_filtered
25,12,4,-50.27,11.854,720.754,-142.26,16549,LC0_FZ_50_IA-4_filtered
25,12,4,-50.25,-4.02,729.124,106.03,17386,LC0_FZ_50_IA-4_filtered
25,12,4,-50.2,-11.137,726.694,128.11,17143,LC0_FZ_50_IA-4_filtered
25,12,4,-50.19,5.988,722.404,-125.06,16714,LC0_FZ_50_IA-4_filtered
25,12,4,-50.15,-2.308,729.554,75.29,17429,LC0_FZ_50_IA-4_filtered
25,12,4,-50.02,11.826,720.644,-139.67,16538,LC0_FZ_50_IA-4_filtered
25,12,4,-49.99,2.05,718.144,-70.37,16288,LC0_FZ_50_IA-4_filtered
25,12,4,-49.94,-8.819,726.114,128.19,17085,LC0_FZ_50_IA-4_filtered
25,12,4,-49.9,7.714,719.564,-141.36,16430,LC0_FZ_50_IA-4_filtered
25,12,4,-49.86,2.335,723.314,-80.15,16805,LC0_FZ_50_IA-4_filtered
25,12,4,-49.85,-10.916,727.394,127.89,17213,LC0_FZ_50_IA-4_filtered
25,12,4,-49.79,-11.333,726.744,134.31,17148,LC0_FZ_50_IA-4_filtered
25,12,4,-49.76,3.731,718.564,-107.95,16330,LC0_FZ_50_IA-4_filtered
25,12,4,-49.72,-6.308,728.554,122.03,17329,LC0_FZ_50_IA-4_filtered
25,12,4,-49.7,-8.378,728.034,129.49,17277,LC0_FZ_50_IA-4_filtered
25,12,4,-49.59,-4.466,729.014,109.76,17375,LC0_FZ_50_IA-4_filtered
25,12,4,-49.57,5.851,719.094,-131.92,16383,LC0_FZ_50_IA-4_filtered
25,12,4,-49.57,-9.518,727.744,128.08,17248,LC0_FZ_50_IA-4_filtered
25,12,4,-49.54,-5.139,725.194,116.71,16993,LC0_FZ_50_IA-4_filtered
25,12,4,-49.54,-1.848,729.664,64.23,17440,LC0_FZ_50_IA-4_filtered
25,12,4,-49.53,-5.279,725.224,118.26,16996,LC0_FZ_50_IA-4_filtered
25,12,4,-49.48,-10.672,727.454,133.02,17219,LC0_FZ_50_IA-4_filtered
25,12,4,-49.48,-3.255,729.314,91.25,17405,LC0_FZ_50_IA-4_filtered
25,12,4,-49.35,6.472,719.254,-132.11,16399,LC0_FZ_50_IA-4_filtered
25,12,4,-49.33,2.312,723.324,-78.62,16806,LC0_FZ_50_IA-4_filtered
25,12,4,-49.32,7.394,719.484,-134.71,16422,LC0_FZ_50_IA-4_filtered
25,12,4,-49.13,-11.716,726.924,130.05,17166,LC0_FZ_50_IA-4_filtered
25,12,4,-49.12,10.185,720.184,-134.26,16492,LC0_FZ_50_IA-4_filtered
25,12,4,-49.11,-12.007,727.044,127.42,17178,LC0_FZ_50_IA-4_filtered
25,12,4,-49.07,-11.766,726.984,132.87,17172,LC0_FZ_50_IA-4_filtered
25,12,4,-49.05,10.669,720.304,-132.44,16504,LC0_FZ_50_IA-4_filtered
25,12,4,-49.03,10.33,721.314,-131.28,16605,LC0_FZ_50_IA-4_filtered
25,12,4,-48.94,6.769,719.324,-135.42,16406,LC0_FZ_50_IA-4_filtered
25,12,4,-48.91,-9.956,727.634,123.51,17237,LC0_FZ_50_IA-4_filtered
25,12,4,-48.86,-3.765,729.194,96.63,17393,LC0_FZ_50_IA-4_filtered
25,12,4,-48.8,-9.312,726.234,125.67,17097,LC0_FZ_50_IA-4_filtered
25,12,4,-48.74,0.066,723.894,-5.77,16863,LC0_FZ_50_IA-4_filtered
25,12,4,-48.71,9.41,721.544,-128.23,16628,LC0_FZ_50_IA-4_filtered
25,12,4,-48.68,10.812,721.194,-129.91,16593,LC0_FZ_50_IA-4_filtered
25,12,4,-48.5,10.612,721.244,-129.48,16598,LC0_FZ_50_IA-4_filtered
25,12,4,-48.46,3.486,718.504,-97.3,16324,LC0_FZ_50_IA-4_filtered
25,12,4,-48.4,-5.204,725.214,114.02,16995,LC0_FZ_50_IA-4_filtered
25,12,4,-48.38,5.204,722.594,-117.66,16733,LC0_FZ_50_IA-4_filtered
25,12,4,-48.38,-3.068,729.364,87.13,17410,LC0_FZ_50_IA-4_filtered
25,12,4,-48.35,5.933,722.414,-117.51,16715,LC0_FZ_50_IA-4_filtered
25,12,4,-48.32,4.193,718.684,-110.88,16342,LC0_FZ_50_IA-4_filtered
25,12,4,-48.27,10.119,721.364,-126.7,16610,LC0_FZ_50_IA-4_filtered
25,12,4,-48.27,-8.517,726.034,131.52,17077,LC0_FZ_50_IA-4_filtered
25,12,4,-48.23,-1.401,729.774,50.93,17451,LC0_FZ_50_IA-4_filtered
25,12,4,-48.17,6.964,719.374,-129.53,16411,LC0_FZ_50_IA-4_filtered
25,12,4,-48.09,11.898,720.894,-129.02,16563,LC0_FZ_50_IA-4_filtered
25,12,4,-47.92,-10.862,727.404,120.67,17214,LC0_FZ_50_IA-4_filtered
25,12,4,-47.9,5.694,722.474,-119.25,16721,LC0_FZ_50_IA-4_filtered
25,12,4,-47.63,-7.989,725.904,123.42,17064,LC0_FZ_50_IA-4_filtered
25,12,4,-47.55,-11.741,726.934,122.99,17167,LC0_FZ_50_IA-4_filtered
25,12,4,-47.49,7.452,719.494,-125.95,16423,LC0_FZ_50_IA-4_filtered
25,12,4,-47.49,-7.518,725.784,122.78,17052,LC0_FZ_50_IA-4_filtered
25,12,4,-47.39,9.542,720.014,-130.3,16475,LC0_FZ_50_IA-4_filtered
25,12,4,-47.37,-9.425,726.264,128.53,17100,LC0_FZ_50_IA-4_filtered
25,12,4,-47.31,-11.747,726.974,126.08,17171,LC0_FZ_50_IA-4_filtered
25,12,4,-47.27,6.529,719.264,-123.79,16400,LC0_FZ_50_IA-4_filtered
25,12,4,-47.26,-4.7,728.954,104.91,17369,LC0_FZ_50_IA-4_filtered
25,12,4,-47.22,-7.487,728.254,119.35,17299,LC0_FZ_50_IA-4_filtered
25,12,4,-47.16,7.645,719.544,-127.69,16428,LC0_FZ_50_IA-4_filtered
25,12,4,-47.11,-8.901,726.134,122.8,17087,LC0_FZ_50_IA-4_filtered
25,12,4,-47.08,4.681,718.804,-113.24,16354,LC0_FZ_50_IA-4_filtered
25,12,4,-46.95,5.342,718.964,-116.82,16370,LC0_FZ_50_IA-4_filtered
25,12,4,-46.93,-9.818,726.364,121.63,17110,LC0_FZ_50_IA-4_filtered
25,12,4,-46.92,4.773,722.704,-110.03,16744,LC0_FZ_50_IA-4_filtered
25,12,4,-46.9,-11.721,727.174,118.56,17191,LC0_FZ_50_IA-4_filtered
25,12,4,-46.89,0.701,717.804,-30.46,16254,LC0_FZ_50_IA-4_filtered
25,12,4,-46.88,9.05,719.894,-128.62,16463,LC0_FZ_50_IA-4_filtered
25,12,4,-46.86,-11.261,726.724,122.01,17146,LC0_FZ_50_IA-4_filtered
25,12,4,-46.83,0.189,723.864,-11.01,16860,LC0_FZ_50_IA-4_filtered
25,12,4,-46.79,-9.376,726.254,123.37,17099,LC0_FZ_50_IA-4_filtered
25,12,4,-46.75,10.924,720.364,-128.69,16510,LC0_FZ_50_IA-4_filtered
25,12,4,-46.74,10.703,720.314,-124.12,16505,LC0_FZ_50_IA-4_filtered
25,12,4,-46.73,-10.271,727.554,121.39,17229,LC0_FZ_50_IA-4_filtered
25,12,4,-46.72,7.304,722.074,-114.53,16681,LC0_FZ_50_IA-4_filtered
25,12,4,-46.54,3.918,718.614,-100.68,16335,LC0_FZ_50_IA-4_filtered
25,12,4,-46.5,-1.452,729.764,50.21,17450,LC0_FZ_50_IA-4_filtered
25,12,4,-46.46,9.325,719.964,-122.94,16470,LC0_FZ_50_IA-4_filtered
25,12,4,-46.43,-0.294,723.974,8.71,16871,LC0_FZ_50_IA-4_filtered
25,12,4,-46.42,10.837,721.184,-122.43,16592,LC0_FZ_50_IA-4_filtered
25,12,4,-46.37,-7.056,728.364,114.37,17310,LC0_FZ_50_IA-4_filtered
25,12,4,-46.35,2.495,723.284,-76.31,16802,LC0_FZ_50_IA-4_filtered
25,12,4,-46.33,-7.53,728.244,115.3,17298,LC0_FZ_50_IA-4_filtered
25,12,4,-46.32,-2.875,729.414,78.77,17415,LC0_FZ_50_IA-4_filtered
25,12,4,-46.28,3.137,723.114,-87.82,16785,LC0_FZ_50_IA-4_filtered
25,12,4,-46.27,5.175,718.924,-113.46,16366,LC0_FZ_50_IA-4_filtered
25,12,4,-46.23,-8.495,728.004,115.59,17274,LC0_FZ_50_IA-4_filtered
25,12,4,-46.17,-4.286,729.064,97.7,17380,LC0_FZ_50_IA-4_filtered
25,12,4,-46.14,7.141,722.114,-116.7,16685,LC0_FZ_50_IA-4_filtered
25,12,4,-46.14,-1.663,729.714,56.7,17445,LC0_FZ_50_IA-4_filtered
25,12,4,-46.1,4.845,718.844,-109.79,16358,LC0_FZ_50_IA-4_filtered
25,12,4,-46.08,10.094,721.374,-119.41,16611,LC0_FZ_50_IA-4_filtered
25,12,4,-46.08,-8.014,728.124,114.95,17286,LC0_FZ_50_IA-4_filtered
25,12,4,-46.04,2.893,718.364,-83.82,16310,LC0_FZ_50_IA-4_filtered
25,12,4,-46,9.804,720.084,-120.66,16482,LC0_FZ_50_IA-4_filtered
25,12,4,-45.97,11.883,720.784,-122.61,16552,LC0_FZ_50_IA-4_filtered
25,12,4,-45.77,-7.095,728.354,112.29,17309,LC0_FZ_50_IA-4_filtered
25,12,4,-45.74,11.224,720.434,-122.01,16517,LC0_FZ_50_IA-4_filtered
25,12,4,-45.72,-10.837,727.414,116.93,17215,LC0_FZ_50_IA-4_filtered
25,12,4,-45.58,0.877,723.684,-38.2,16842,LC0_FZ_50_IA-4_filtered
25,12,4,-45.45,-4.827,728.924,102.36,17366,LC0_FZ_50_IA-4_filtered
25,12,4,-45.42,3.358,718.474,-90.98,16321,LC0_FZ_50_IA-4_filtered
25,12,4,-45.34,4.348,718.724,-102.99,16346,LC0_FZ_50_IA-4_filtered
25,12,4,-45.34,-6.607,728.474,111.47,17321,LC0_FZ_50_IA-4_filtered
25,12,4,-45.29,7.6,719.534,-119.73,16427,LC0_FZ_50_IA-4_filtered
25,12,4,-45.29,-1.051,724.174,39.68,16891,LC0_FZ_50_IA-4_filtered
25,12,4,-45.23,11.454,721.024,-118.94,16576,LC0_FZ_50_IA-4_filtered
25,12,4,-45.18,3.808,718.584,-97.52,16332,LC0_FZ_50_IA-4_filtered
25,12,4,-45.16,10.984,721.144,-116.78,16588,LC0_FZ_50_IA-4_filtered
25,12,4,-45.1,8.641,721.734,-110.88,16647,LC0_FZ_50_IA-4_filtered
25,12,4,-45.08,10.408,720.234,-119.4,16497,LC0_FZ_50_IA-4_filtered
25,12,4,-44.79,1.122,723.624,-43.95,16836,LC0_FZ_50_IA-4_filtered
25,12,4,-44.74,-5.702,728.704,107.25,17344,LC0_FZ_50_IA-4_filtered
25,12,4,-44.72,10.764,720.324,-117.1,16506,LC0_FZ_50_IA-4_filtered
25,12,4,-44.63,8.107,721.874,-112.75,16661,LC0_FZ_50_IA-4_filtered
25,12,4,-44.61,-0.231,723.964,6.56,16870,LC0_FZ_50_IA-4_filtered
25,12,4,-44.5,6.123,719.164,-112.62,16390,LC0_FZ_50_IA-4_filtered
25,12,4,-44.46,4.299,718.704,-100.52,16344,LC0_FZ_50_IA-4_filtered
25,12,4,-44.4,4.786,718.834,-105.19,16357,LC0_FZ_50_IA-4_filtered
25,12,4,-44.37,4.766,718.824,-104.14,16356,LC0_FZ_50_IA-4_filtered
25,12,4,-44.37,8.629,721.744,-108.73,16648,LC0_FZ_50_IA-4_filtered
25,12,4,-44.34,8.916,719.864,-114.67,16460,LC0_FZ_50_IA-4_filtered
25,12,4,-44.32,7.531,719.514,-113.4,16425,LC0_FZ_50_IA-4_filtered
25,12,4,-44.2,-2.951,729.394,76.16,17413,LC0_FZ_50_IA-4_filtered
25,12,4,-44.19,-3.875,729.164,89.94,17390,LC0_FZ_50_IA-4_filtered
25,12,4,-44.17,7.546,719.524,-114.33,16426,LC0_FZ_50_IA-4_filtered
25,12,4,-44.17,2.985,723.154,-80.2,16789,LC0_FZ_50_IA-4_filtered
25,12,4,-44.03,9.45,719.994,-116.44,16473,LC0_FZ_50_IA-4_filtered
25,12,4,-43.99,6.607,719.284,-112.56,16402,LC0_FZ_50_IA-4_filtered
25,12,4,-43.97,-0.673,724.064,23.29,16880,LC0_FZ_50_IA-4_filtered
25,12,4,-43.94,9.884,720.104,-114.81,16484,LC0_FZ_50_IA-4_filtered
25,12,4,-43.88,10.943,721.154,-111.92,16589,LC0_FZ_50_IA-4_filtered
25,12,4,-43.77,6.314,722.324,-105.36,16706,LC0_FZ_50_IA-4_filtered
25,12,4,-43.69,10.495,721.274,-111.41,16601,LC0_FZ_50_IA-4_filtered
25,12,4,-43.49,4.393,722.804,-97.49,16754,LC0_FZ_50_IA-4_filtered
25,12,4,-43.49,0.829,723.694,-35.98,16843,LC0_FZ_50_IA-4_filtered
25,12,4,-43.49,-0.056,723.924,-0.56,16866,LC0_FZ_50_IA-4_filtered
25,12,4,-43.38,4.469,722.784,-96.06,16752,LC0_FZ_50_IA-4_filtered
25,12,4,-43.32,2.062,723.384,-63.74,16812,LC0_FZ_50_IA-4_filtered
25,12,4,-43.21,11.364,721.044,-111.93,16578,LC0_FZ_50_IA-4_filtered
25,12,4,-42.94,2.587,723.264,-71.53,16800,LC0_FZ_50_IA-4_filtered
25,12,4,-42.88,2.64,723.244,-73.75,16798,LC0_FZ_50_IA-4_filtered
25,12,4,-42.46,11.702,720.574,-114.63,16531,LC0_FZ_50_IA-4_filtered
25,12,4,-42.44,1.724,723.474,-57.27,16821,LC0_FZ_50_IA-4_filtered
25,12,4,-42.37,2.147,723.364,-64.33,16810,LC0_FZ_50_IA-4_filtered
25,12,4,-42.11,1.635,723.494,-54.22,16823,LC0_FZ_50_IA-4_filtered
25,12,4,-42.1,1.155,723.614,-43.48,16835,LC0_FZ_50_IA-4_filtered
25,12,4,-42.09,2.602,723.254,-71.43,16799,LC0_FZ_50_IA-4_filtered
25,12,4,-41.76,1.233,723.594,-44.88,16833,LC0_FZ_50_IA-4_filtered
25,12,4,-41.39,0.708,723.724,-30.17,16846,LC0_FZ_50_IA-4_filtered
25,12,4,-41.19,0.755,723.714,-31.12,16845,LC0_FZ_50_IA-4_filtered
